HRR,Available Hospital Beds,Potentially Available Hospital Beds*,Available ICU Beds,Potentially Available ICU Beds*,Adult Population,Population 65+,Projected Infected Individuals,Projected Hospitalized Individuals,Projected Individuals Needing ICU Care,"Hospital Beds Needed, Six Months","Percentage of Available Beds Needed, Six Months","Percentage of Potentially Available Beds Needed, Six Months","Percentage of Total Beds Needed, Six Months","Hospital Beds Needed, Twelve Months","Percentage of Available Beds Needed, Twelve Months","Percentage of Potentially Available Beds Needed, Twelve Months","Percentage of Total Beds Needed, Twelve Months","Hospital Beds Needed, Eighteen Months","Percentage of Available Beds Needed, Eighteen Months","Percentage of Potentially Available Beds Needed, Eighteen Months","Percentage of Total Beds Needed, Eighteen Months","ICU Beds Needed, Six Months","Percentage of Available ICU Beds Needed, Six Months","Percentage of Potentially Available ICU Beds Needed, Six Months","Percentage of Total ICU Beds Needed, Six Months","ICU Beds Needed, Twelve Months","Percentage of Available ICU Beds Needed, Twelve Months","Percentage of Potentially Available ICU Beds Needed, Twelve Months","Percentage of Total ICU Beds Needed, Twelve Months","ICU Beds Needed, Eighteen Months","Percentage of Available ICU Beds Needed, Eighteen Months","Percentage of Potentially Available ICU Beds Needed, Eighteen Months","Percentage of Total ICU Beds Needed, Eighteen Months",senior_ratio,population_density,hospital_utilization
*Based on a 50% reduction in occupancy,569.0,1036.0,63.0,109.0,493628.0,102892.0,98726.0,20988.0,4559.0,1399.0,248.0,134.0,92.0,700.0,124.0,67.0,46.0,456.0,81.0,44.0,30.0,304.0,488.0,272.0,189.0,152.0,243.0,136.0,94.0,99.0,158.0,89.0,62.0,0.2084403639988007,331.2939597315436,0.6181208053691275
"Abilene, TX",565.0,772.0,68.0,98.0,226444.0,50412.0,45289.0,9563.0,2090.0,638.0,113.0,83.0,65.0,319.0,56.0,41.0,33.0,208.0,37.0,27.0,21.0,139.0,204.0,142.0,109.0,70.0,103.0,71.0,55.0,45.0,66.0,46.0,35.0,0.2226245782621752,231.065306122449,0.423469387755102
"Akron, OH",518.0,938.0,94.0,140.0,547990.0,111042.0,109598.0,22933.0,4959.0,1529.0,295.0,163.0,113.0,764.0,147.0,81.0,56.0,499.0,96.0,53.0,37.0,331.0,352.0,236.0,178.0,165.0,176.0,118.0,89.0,108.0,115.0,77.0,58.0,0.2026350845818354,403.5272459499264,0.6185567010309279
"Alameda County, CA",665.0,1680.0,139.0,216.0,1310189.0,214991.0,262038.0,53872.0,11400.0,3591.0,540.0,214.0,133.0,1796.0,270.0,107.0,67.0,1171.0,176.0,70.0,43.0,760.0,547.0,352.0,259.0,380.0,273.0,176.0,130.0,248.0,178.0,115.0,85.0,0.1640915928923231,486.1554730983302,0.7532467532467533
"Albany, GA",221.0,462.0,27.0,43.0,157143.0,30466.0,31429.0,6550.0,1410.0,437.0,198.0,95.0,62.0,218.0,99.0,47.0,31.0,142.0,64.0,31.0,20.0,94.0,348.0,219.0,157.0,47.0,174.0,109.0,78.0,31.0,115.0,72.0,52.0,0.1938743692051189,223.21448863636363,0.6860795454545454
"Albany, NY",1579.0,3191.0,193.0,309.0,1477723.0,318695.0,295545.0,62209.0,13545.0,4147.0,263.0,130.0,86.0,2074.0,131.0,65.0,43.0,1352.0,86.0,42.0,28.0,903.0,468.0,292.0,212.0,452.0,234.0,146.0,106.0,294.0,152.0,95.0,69.0,0.2156662649224516,307.6026228143214,0.6713155703580349
"Albuquerque, NM",1102.0,2005.0,161.0,270.0,1336795.0,279457.0,267359.0,56108.0,12174.0,3741.0,339.0,187.0,129.0,1870.0,170.0,93.0,64.0,1220.0,111.0,61.0,42.0,812.0,504.0,301.0,214.0,406.0,252.0,150.0,107.0,265.0,165.0,98.0,70.0,0.2090500039273037,459.695667125172,0.6210453920220083
"Alexandria, LA",402.0,660.0,20.0,31.0,221597.0,44519.0,44319.0,9266.0,2002.0,618.0,154.0,94.0,67.0,309.0,77.0,47.0,34.0,201.0,50.0,30.0,22.0,133.0,665.0,429.0,309.0,67.0,335.0,216.0,156.0,44.0,220.0,142.0,102.0,0.2009007342157159,241.6543075245365,0.5616139585605234
"Allentown, PA",1267.0,2267.0,143.0,238.0,960572.0,207376.0,192114.0,40442.0,8807.0,2696.0,213.0,119.0,83.0,1348.0,106.0,59.0,41.0,879.0,69.0,39.0,27.0,587.0,410.0,247.0,176.0,294.0,206.0,124.0,88.0,191.0,134.0,80.0,57.0,0.215888033380111,294.02265074992346,0.6121824303642485
"Altoona, PA",234.0,394.0,27.0,44.0,234560.0,56483.0,46912.0,9986.0,2203.0,666.0,285.0,169.0,120.0,333.0,142.0,85.0,60.0,217.0,93.0,55.0,39.0,147.0,544.0,334.0,241.0,73.0,270.0,166.0,120.0,48.0,178.0,109.0,79.0,0.2408040586630286,422.6306306306306,0.5783783783783784
"Amarillo, TX",678.0,957.0,79.0,137.0,332671.0,61267.0,66534.0,13806.0,2955.0,920.0,136.0,96.0,74.0,460.0,68.0,48.0,37.0,300.0,44.0,31.0,24.0,197.0,249.0,144.0,102.0,98.0,124.0,72.0,51.0,64.0,81.0,47.0,33.0,0.1841669397092021,269.1512944983819,0.4514563106796116
"Anchorage, AK",533.0,1058.0,55.0,93.0,551912.0,74327.0,110382.0,22385.0,4656.0,1492.0,280.0,141.0,94.0,746.0,140.0,71.0,47.0,487.0,91.0,46.0,31.0,310.0,564.0,333.0,238.0,155.0,282.0,167.0,119.0,101.0,184.0,109.0,78.0,0.1346718317412921,348.6493998736576,0.6632975363234366
"Ann Arbor, MI",876.0,1945.0,122.0,264.0,1115589.0,209105.0,223118.0,46365.0,9942.0,3091.0,353.0,159.0,103.0,1546.0,176.0,79.0,51.0,1008.0,115.0,52.0,33.0,663.0,543.0,251.0,163.0,331.0,271.0,125.0,82.0,216.0,177.0,82.0,53.0,0.1874391016763342,370.135700066357,0.7093563370935634
"Appleton, WI",222.0,335.0,37.0,54.0,254546.0,52373.0,50909.0,10668.0,2310.0,711.0,320.0,212.0,159.0,356.0,160.0,106.0,79.0,232.0,105.0,69.0,52.0,154.0,416.0,285.0,214.0,77.0,208.0,143.0,107.0,50.0,135.0,93.0,69.0,0.2057506305343631,568.1830357142857,0.5044642857142857
"Arlington, VA",995.0,2055.0,173.0,312.0,1909537.0,270129.0,381907.0,77695.0,16225.0,5180.0,521.0,252.0,166.0,2590.0,260.0,126.0,83.0,1689.0,170.0,82.0,54.0,1082.0,625.0,347.0,240.0,541.0,313.0,173.0,120.0,353.0,204.0,113.0,78.0,0.1414630876489955,612.8167522464698,0.6806803594351734
"Asheville, NC",556.0,1048.0,76.0,154.0,553131.0,146572.0,110626.0,23804.0,5316.0,1587.0,285.0,151.0,103.0,793.0,143.0,76.0,51.0,517.0,93.0,49.0,34.0,354.0,466.0,230.0,153.0,177.0,233.0,115.0,76.0,116.0,153.0,75.0,50.0,0.2649860521287001,358.94289422452954,0.6391953277092797
"Atlanta, GA",3338.0,8059.0,436.0,1029.0,5027281.0,799338.0,1005456.0,206224.0,43511.0,13748.0,412.0,171.0,108.0,6874.0,206.0,85.0,54.0,4483.0,134.0,56.0,35.0,2901.0,665.0,282.0,179.0,1450.0,333.0,141.0,89.0,946.0,217.0,92.0,58.0,0.1590000638516128,393.3709702660407,0.7388106416275431
"Augusta, GA",831.0,1512.0,106.0,227.0,540242.0,105665.0,108048.0,22537.0,4854.0,1502.0,181.0,99.0,68.0,751.0,90.0,50.0,34.0,490.0,59.0,32.0,22.0,324.0,306.0,143.0,93.0,162.0,153.0,71.0,46.0,106.0,100.0,47.0,30.0,0.1955882734034007,246.23609845031905,0.6212397447584321
"Aurora, IL",286.0,406.0,25.0,40.0,245644.0,34035.0,49129.0,9981.0,2081.0,665.0,233.0,164.0,126.0,333.0,116.0,82.0,63.0,217.0,76.0,53.0,41.0,139.0,556.0,348.0,253.0,69.0,276.0,173.0,125.0,45.0,180.0,113.0,82.0,0.1385541678200973,466.11764705882354,0.4573055028462998
"Austin, TX",1003.0,1889.0,161.0,277.0,1523446.0,208426.0,304689.0,61851.0,12880.0,4123.0,411.0,218.0,149.0,2062.0,206.0,109.0,74.0,1345.0,134.0,71.0,48.0,859.0,534.0,310.0,219.0,429.0,266.0,155.0,109.0,280.0,174.0,101.0,71.0,0.1368122007606439,548.9895495495496,0.6385585585585585
"Bakersfield, CA",692.0,1561.0,88.0,140.0,847115.0,123309.0,169423.0,34533.0,7229.0,2302.0,333.0,147.0,95.0,1151.0,166.0,74.0,47.0,751.0,109.0,48.0,31.0,482.0,548.0,344.0,252.0,241.0,274.0,172.0,126.0,157.0,178.0,112.0,82.0,0.1455634713114512,348.7505146150679,0.7151090983944011
"Baltimore, MD",1887.0,4409.0,303.0,574.0,2015003.0,379769.0,403001.0,83786.0,17976.0,5586.0,296.0,127.0,81.0,2793.0,148.0,63.0,40.0,1821.0,97.0,41.0,26.0,1198.0,395.0,209.0,142.0,599.0,198.0,104.0,71.0,391.0,129.0,68.0,46.0,0.1884706871404161,290.7232722550859,0.7277449141538017
"Bangor, ME",400.0,747.0,28.0,64.0,318554.0,77904.0,63711.0,13585.0,3003.0,906.0,227.0,121.0,83.0,453.0,113.0,61.0,41.0,295.0,74.0,39.0,27.0,200.0,714.0,313.0,200.0,100.0,357.0,156.0,100.0,65.0,232.0,102.0,65.0,0.2445550832825831,291.1828153564899,0.6343692870201096
"Baton Rouge, LA",1159.0,2028.0,119.0,184.0,746856.0,127072.0,149371.0,30795.0,6539.0,2053.0,177.0,101.0,71.0,1026.0,89.0,51.0,35.0,669.0,58.0,33.0,23.0,436.0,366.0,237.0,175.0,218.0,183.0,118.0,88.0,142.0,119.0,77.0,57.0,0.1701425709909273,257.7142857142857,0.6000690131124914
"Beaumont, TX",421.0,665.0,43.0,79.0,356372.0,70621.0,71274.0,14884.0,3210.0,992.0,236.0,149.0,109.0,496.0,118.0,75.0,55.0,324.0,77.0,49.0,36.0,214.0,498.0,271.0,188.0,107.0,249.0,135.0,94.0,70.0,163.0,89.0,61.0,0.1981665226224282,392.48017621145374,0.5363436123348018
"Bend, OR",182.0,298.0,17.0,27.0,189876.0,47299.0,37975.0,8114.0,1798.0,541.0,297.0,182.0,130.0,270.0,148.0,91.0,65.0,176.0,97.0,59.0,42.0,120.0,706.0,444.0,316.0,60.0,353.0,222.0,158.0,39.0,229.0,144.0,103.0,0.2491046788430344,457.5325301204819,0.5614457831325301
"Billings, MT",931.0,1681.0,65.0,106.0,476520.0,97688.0,95304.0,19964.0,4322.0,1331.0,143.0,79.0,55.0,665.0,71.0,40.0,27.0,434.0,47.0,26.0,18.0,288.0,443.0,272.0,195.0,144.0,222.0,136.0,97.0,94.0,145.0,89.0,64.0,0.2050029379669269,195.9375,0.6171875
"Binghamton, NY",365.0,685.0,17.0,35.0,286154.0,67043.0,57231.0,12148.0,2671.0,810.0,222.0,118.0,81.0,405.0,111.0,59.0,40.0,264.0,72.0,39.0,26.0,178.0,1047.0,509.0,330.0,89.0,524.0,254.0,165.0,58.0,341.0,166.0,107.0,0.234289927801114,284.73034825870644,0.6368159203980099
"Birmingham, AL",2756.0,5027.0,342.0,666.0,1774690.0,364610.0,354938.0,74366.0,16104.0,4958.0,180.0,99.0,68.0,2479.0,90.0,49.0,34.0,1617.0,59.0,32.0,22.0,1074.0,314.0,161.0,108.0,537.0,157.0,81.0,54.0,350.0,102.0,53.0,35.0,0.2054499659095391,243.2081677401672,0.6223105385774976
"Bismarck, ND",422.0,696.0,43.0,62.0,182581.0,38811.0,36516.0,7675.0,1668.0,512.0,121.0,74.0,53.0,256.0,61.0,37.0,26.0,167.0,40.0,24.0,17.0,111.0,258.0,179.0,139.0,56.0,130.0,90.0,70.0,36.0,84.0,58.0,45.0,0.212568668152765,188.2278350515464,0.5649484536082474
"Bloomington, IL",201.0,298.0,10.0,23.0,160796.0,25937.0,32159.0,6603.0,1395.0,440.0,219.0,148.0,112.0,220.0,109.0,74.0,56.0,144.0,72.0,48.0,37.0,93.0,930.0,404.0,266.0,46.0,460.0,200.0,131.0,30.0,300.0,130.0,86.0,0.1613037637752183,408.1116751269036,0.4898477157360406
"Blue Island, IL",583.0,1318.0,118.0,213.0,670968.0,134483.0,134194.0,28052.0,6058.0,1870.0,321.0,142.0,91.0,935.0,160.0,71.0,46.0,610.0,105.0,46.0,30.0,404.0,342.0,190.0,131.0,202.0,171.0,95.0,66.0,132.0,112.0,62.0,43.0,0.2004313171418011,326.823185582075,0.7160253287871408
"Boise, ID",848.0,1310.0,95.0,141.0,701166.0,134953.0,140233.0,29208.0,6280.0,1947.0,230.0,149.0,110.0,974.0,115.0,74.0,55.0,635.0,75.0,48.0,36.0,419.0,441.0,297.0,225.0,209.0,220.0,148.0,112.0,137.0,144.0,97.0,74.0,0.1924694009692426,395.46869712351946,0.5217146080090242
"Boston, MA",2548.0,6393.0,438.0,798.0,4022208.0,782014.0,804442.0,167702.0,36098.0,11180.0,439.0,175.0,109.0,5590.0,219.0,87.0,55.0,3646.0,143.0,57.0,36.0,2407.0,550.0,302.0,208.0,1203.0,275.0,151.0,104.0,785.0,179.0,98.0,68.0,0.194424057632027,392.8321125109874,0.7511475730051763
"Boulder, CO",297.0,468.0,43.0,67.0,267487.0,42093.0,53497.0,10964.0,2311.0,731.0,246.0,156.0,114.0,365.0,123.0,78.0,57.0,238.0,80.0,51.0,37.0,154.0,358.0,230.0,171.0,77.0,179.0,115.0,86.0,50.0,116.0,75.0,56.0,0.1573646569739837,417.9484375,0.5359375
"Bradenton, FL",342.0,582.0,49.0,76.0,266378.0,82842.0,53276.0,11696.0,2671.0,780.0,228.0,134.0,95.0,390.0,114.0,67.0,47.0,254.0,74.0,44.0,31.0,178.0,363.0,234.0,171.0,89.0,182.0,117.0,86.0,58.0,118.0,76.0,56.0,0.31099415116864,324.06082725060827,0.583941605839416
"Bridgeport, CT",370.0,862.0,65.0,99.0,539133.0,102171.0,107827.0,22428.0,4815.0,1495.0,404.0,173.0,110.0,748.0,202.0,87.0,55.0,488.0,132.0,57.0,36.0,321.0,494.0,324.0,243.0,160.0,246.0,162.0,121.0,105.0,162.0,106.0,80.0,0.189509824106482,398.1779911373707,0.7267355982274741
"Bronx, NY",807.0,2410.0,115.0,199.0,1094741.0,170439.0,218948.0,44838.0,9442.0,2989.0,370.0,124.0,75.0,1495.0,185.0,62.0,37.0,975.0,121.0,40.0,24.0,629.0,547.0,316.0,223.0,315.0,274.0,158.0,112.0,205.0,178.0,103.0,73.0,0.1556888798355044,272.8666500498504,0.7988534396809571
"Bryan, TX",317.0,448.0,34.0,49.0,230741.0,32271.0,46148.0,9381.0,1957.0,625.0,197.0,140.0,108.0,313.0,99.0,70.0,54.0,204.0,64.0,46.0,35.0,130.0,382.0,265.0,203.0,65.0,191.0,133.0,102.0,43.0,126.0,88.0,67.0,0.1398581093087054,398.5164075993092,0.4525043177892919
"Buffalo, NY",1228.0,2971.0,95.0,209.0,1090373.0,234541.0,218075.0,45891.0,9989.0,3059.0,249.0,103.0,65.0,1530.0,125.0,51.0,32.0,998.0,81.0,34.0,21.0,666.0,701.0,319.0,206.0,333.0,351.0,159.0,103.0,217.0,228.0,104.0,67.0,0.2151016211883456,231.3543390621685,0.7394440908126458
"Burlington, VT",587.0,1165.0,65.0,91.0,522720.0,104104.0,104544.0,21841.0,4714.0,1456.0,248.0,125.0,84.0,728.0,124.0,62.0,42.0,475.0,81.0,41.0,27.0,314.0,483.0,345.0,268.0,157.0,242.0,173.0,134.0,102.0,157.0,112.0,87.0,0.1991582491582491,299.89672977624787,0.6632243258749283
"Camden, NJ",2294.0,4410.0,293.0,497.0,2208721.0,489214.0,441744.0,93226.0,20362.0,6215.0,271.0,141.0,95.0,3108.0,135.0,70.0,48.0,2027.0,88.0,46.0,31.0,1357.0,463.0,273.0,194.0,679.0,232.0,137.0,97.0,443.0,151.0,89.0,63.0,0.2214919856333145,338.39757928604257,0.6485368469434656
"Canton, OH",706.0,1073.0,97.0,153.0,495349.0,113936.0,99070.0,20988.0,4605.0,1399.0,198.0,130.0,97.0,700.0,99.0,65.0,49.0,456.0,65.0,42.0,32.0,307.0,316.0,201.0,147.0,154.0,159.0,101.0,74.0,100.0,103.0,65.0,48.0,0.2300115676018322,343.75364330326164,0.5100624566273422
"Cape Girardeau, MO",398.0,629.0,43.0,62.0,202898.0,45230.0,40580.0,8570.0,1873.0,571.0,143.0,91.0,66.0,286.0,72.0,45.0,33.0,186.0,47.0,30.0,22.0,125.0,291.0,202.0,156.0,62.0,144.0,100.0,78.0,41.0,95.0,66.0,51.0,0.2229198907825607,236.20256111757857,0.5366705471478463
"Casper, WY",378.0,505.0,20.0,26.0,152884.0,31930.0,30577.0,6416.0,1392.0,428.0,113.0,85.0,68.0,214.0,57.0,42.0,34.0,139.0,37.0,28.0,22.0,93.0,465.0,358.0,291.0,46.0,230.0,177.0,144.0,30.0,150.0,115.0,94.0,0.2088511551241464,241.52290679304895,0.4028436018957346
"Cedar Rapids, IA",364.0,581.0,22.0,33.0,234872.0,48228.0,46974.0,9841.0,2131.0,656.0,180.0,113.0,82.0,328.0,90.0,56.0,41.0,214.0,59.0,37.0,27.0,142.0,645.0,430.0,323.0,71.0,323.0,215.0,161.0,46.0,209.0,139.0,105.0,0.2053373752512006,293.9574468085106,0.5444305381727159
"Charleston, SC",975.0,1994.0,101.0,215.0,914407.0,196315.0,182881.0,38477.0,8374.0,2565.0,263.0,129.0,85.0,1283.0,132.0,64.0,43.0,836.0,86.0,42.0,28.0,558.0,552.0,260.0,170.0,279.0,276.0,130.0,85.0,182.0,180.0,85.0,55.0,0.2146910511402471,303.48722203783603,0.6764022568868238
"Charleston, WV",1167.0,1894.0,97.0,190.0,650209.0,155752.0,130042.0,27667.0,6100.0,1844.0,158.0,97.0,70.0,922.0,79.0,49.0,35.0,601.0,51.0,32.0,23.0,407.0,420.0,214.0,143.0,203.0,209.0,107.0,71.0,133.0,137.0,70.0,47.0,0.2395414397524488,248.1713740458015,0.5545801526717558
"Charlotte, NC",1465.0,3169.0,249.0,510.0,2024238.0,353589.0,404848.0,83639.0,17806.0,5576.0,381.0,176.0,114.0,2788.0,190.0,88.0,57.0,1818.0,124.0,57.0,37.0,1187.0,477.0,233.0,154.0,594.0,239.0,116.0,77.0,387.0,155.0,76.0,50.0,0.1746775823791471,415.39872768315206,0.6993638415760313
"Charlottesville, VA",433.0,879.0,35.0,95.0,477802.0,100652.0,95560.0,20069.0,4358.0,1338.0,309.0,152.0,101.0,669.0,155.0,76.0,50.0,436.0,101.0,50.0,33.0,291.0,831.0,306.0,188.0,145.0,414.0,153.0,94.0,95.0,271.0,100.0,61.0,0.2106562969598285,360.3333333333333,0.6734539969834088
"Chattanooga, TN",651.0,1290.0,59.0,153.0,567490.0,121347.0,113498.0,23870.0,5192.0,1591.0,244.0,123.0,83.0,796.0,122.0,62.0,41.0,519.0,80.0,40.0,27.0,346.0,586.0,226.0,140.0,173.0,293.0,113.0,70.0,113.0,192.0,74.0,46.0,0.2138310807238894,294.341286307054,0.6623443983402489
"Chicago, IL",3161.0,5462.0,312.0,612.0,2045072.0,306266.0,409014.0,83532.0,17529.0,5569.0,176.0,102.0,72.0,2784.0,88.0,51.0,36.0,1816.0,57.0,33.0,23.0,1169.0,375.0,191.0,128.0,584.0,187.0,95.0,64.0,381.0,122.0,62.0,42.0,0.1497580525282239,263.40443070582177,0.5928645028335909
"Chico, CA",153.0,345.0,23.0,37.0,239882.0,53947.0,47976.0,10140.0,2219.0,676.0,442.0,196.0,126.0,338.0,221.0,98.0,63.0,220.0,144.0,64.0,41.0,148.0,643.0,400.0,290.0,74.0,322.0,200.0,145.0,48.0,209.0,130.0,94.0,0.2248897374542483,446.707635009311,0.7150837988826816
"Cincinnati, OH",1537.0,2673.0,185.0,376.0,1293436.0,245509.0,258687.0,53815.0,11554.0,3588.0,233.0,134.0,94.0,1794.0,117.0,67.0,47.0,1170.0,76.0,44.0,31.0,770.0,416.0,205.0,136.0,385.0,208.0,102.0,68.0,251.0,136.0,67.0,44.0,0.1898114788826041,339.6628151260504,0.5963760504201681
"Clearwater, FL",719.0,1145.0,44.0,102.0,434821.0,131578.0,86964.0,19023.0,4327.0,1268.0,176.0,111.0,81.0,634.0,88.0,55.0,40.0,414.0,58.0,36.0,26.0,288.0,655.0,282.0,180.0,144.0,327.0,141.0,90.0,94.0,214.0,92.0,59.0,0.3026026801833398,276.7797581158498,0.5423297262889879
"Cleveland, OH",2631.0,4932.0,306.0,595.0,1602896.0,353619.0,320579.0,67629.0,14764.0,4509.0,171.0,91.0,62.0,2254.0,86.0,46.0,31.0,1470.0,56.0,30.0,20.0,984.0,322.0,165.0,111.0,492.0,161.0,83.0,56.0,321.0,105.0,54.0,36.0,0.2206125662550783,221.6087377298493,0.6362505184570717
"Colorado Springs, CO",555.0,925.0,62.0,106.0,673350.0,119939.0,134670.0,27866.0,5944.0,1858.0,335.0,201.0,143.0,929.0,167.0,100.0,72.0,606.0,109.0,66.0,47.0,396.0,639.0,374.0,266.0,198.0,319.0,187.0,133.0,129.0,208.0,122.0,87.0,0.1781228187421103,519.96138996139,0.5714285714285714
"Columbia, MO",901.0,1392.0,77.0,138.0,557924.0,115795.0,111585.0,23401.0,5073.0,1560.0,173.0,112.0,83.0,780.0,87.0,56.0,41.0,509.0,56.0,37.0,27.0,338.0,439.0,245.0,170.0,169.0,219.0,122.0,85.0,110.0,143.0,80.0,55.0,0.2075461890866856,296.2952734997345,0.5215082315454063
"Columbia, SC",1053.0,2040.0,151.0,275.0,975665.0,189632.0,195133.0,40678.0,8756.0,2712.0,258.0,133.0,90.0,1356.0,129.0,66.0,45.0,884.0,84.0,43.0,29.0,584.0,387.0,212.0,147.0,292.0,193.0,106.0,73.0,190.0,126.0,69.0,48.0,0.1943617942633998,322.4272967614012,0.6520158625247852
"Columbus, GA",547.0,826.0,33.0,54.0,280815.0,48222.0,56163.0,11587.0,2463.0,772.0,141.0,93.0,70.0,386.0,71.0,47.0,35.0,252.0,46.0,31.0,23.0,164.0,497.0,304.0,219.0,82.0,248.0,152.0,109.0,54.0,164.0,100.0,72.0,0.171721596068586,254.13122171945705,0.5049773755656108
"Columbus, OH",2792.0,4620.0,235.0,457.0,2405737.0,441233.0,481147.0,99801.0,21352.0,6653.0,238.0,144.0,103.0,3327.0,119.0,72.0,52.0,2170.0,78.0,47.0,34.0,1423.0,606.0,311.0,210.0,712.0,303.0,156.0,105.0,464.0,197.0,102.0,68.0,0.183408660215144,373.0403163281129,0.567064661187781
"Contra Costa County, CA",675.0,1201.0,81.0,142.0,844608.0,159096.0,168922.0,35118.0,7534.0,2341.0,347.0,195.0,136.0,1171.0,173.0,98.0,68.0,763.0,113.0,64.0,44.0,502.0,620.0,354.0,247.0,251.0,310.0,177.0,124.0,164.0,202.0,115.0,81.0,0.1883666742441464,489.0607990735379,0.609148812970469
"Corpus Christi, TX",357.0,746.0,38.0,102.0,439951.0,83055.0,87990.0,18296.0,3926.0,1220.0,342.0,164.0,107.0,610.0,171.0,82.0,54.0,398.0,111.0,53.0,35.0,262.0,689.0,257.0,157.0,131.0,345.0,128.0,78.0,85.0,224.0,83.0,51.0,0.1887823871294758,387.6220264317181,0.6854625550660793
"Covington, KY",280.0,554.0,39.0,66.0,327040.0,57022.0,65408.0,13511.0,2876.0,901.0,322.0,163.0,109.0,450.0,161.0,81.0,54.0,294.0,105.0,53.0,36.0,192.0,492.0,291.0,206.0,96.0,246.0,145.0,103.0,63.0,162.0,95.0,68.0,0.1743578767123287,394.975845410628,0.6618357487922706
"Dallas, TX",3679.0,7132.0,450.0,871.0,3918830.0,583050.0,783766.0,159993.0,33556.0,10666.0,290.0,150.0,101.0,5333.0,145.0,75.0,50.0,3478.0,95.0,49.0,33.0,2237.0,497.0,257.0,173.0,1119.0,249.0,128.0,87.0,729.0,162.0,84.0,56.0,0.1487816516664412,370.22484648086913,0.6524326877657062
"Danville, PA",510.0,1087.0,33.0,102.0,481423.0,99782.0,96285.0,20190.0,4376.0,1346.0,264.0,124.0,81.0,673.0,132.0,62.0,40.0,439.0,86.0,40.0,26.0,292.0,885.0,286.0,171.0,146.0,442.0,143.0,85.0,95.0,288.0,93.0,56.0,0.2072647131524667,289.3167067307692,0.6935096153846154
"Davenport, IA",699.0,1157.0,66.0,102.0,379562.0,86153.0,75912.0,16060.0,3518.0,1071.0,153.0,93.0,66.0,535.0,77.0,46.0,33.0,349.0,50.0,30.0,22.0,235.0,356.0,230.0,169.0,117.0,177.0,115.0,84.0,76.0,115.0,75.0,55.0,0.2269800454207744,235.16852540272612,0.5669144981412639
"Dayton, OH",749.0,1410.0,89.0,192.0,825712.0,177147.0,165142.0,34743.0,7560.0,2316.0,309.0,164.0,112.0,1158.0,155.0,82.0,56.0,755.0,101.0,54.0,36.0,504.0,566.0,263.0,171.0,252.0,283.0,131.0,86.0,164.0,184.0,85.0,56.0,0.2145384831515104,398.8946859903382,0.6381642512077295
"Dearborn, MI",462.0,951.0,95.0,142.0,382586.0,75636.0,76517.0,15975.0,3445.0,1065.0,231.0,112.0,74.0,532.0,115.0,56.0,37.0,347.0,75.0,36.0,24.0,230.0,242.0,162.0,122.0,115.0,121.0,81.0,61.0,75.0,79.0,53.0,40.0,0.1976967270103976,265.8693537178596,0.6789437109103544
"Denver, CO",2269.0,3931.0,325.0,584.0,2380353.0,379848.0,476071.0,97671.0,20614.0,6511.0,287.0,166.0,116.0,3256.0,143.0,83.0,58.0,2123.0,94.0,54.0,38.0,1374.0,423.0,235.0,163.0,687.0,211.0,118.0,81.0,448.0,138.0,77.0,53.0,0.1595763317457536,425.5950295011622,0.5943143214732702
"Des Moines, IA",1193.0,1977.0,76.0,125.0,869785.0,168710.0,173957.0,36257.0,7802.0,2417.0,203.0,122.0,88.0,1209.0,101.0,61.0,44.0,788.0,66.0,40.0,29.0,520.0,684.0,416.0,301.0,260.0,342.0,208.0,150.0,170.0,224.0,136.0,98.0,0.1939674747207643,315.1394927536232,0.5677536231884057
"Detroit, MI",1333.0,2728.0,163.0,336.0,1315527.0,254755.0,263105.0,54830.0,11797.0,3655.0,274.0,134.0,89.0,1828.0,137.0,67.0,44.0,1192.0,89.0,44.0,29.0,786.0,482.0,234.0,154.0,393.0,241.0,117.0,77.0,256.0,157.0,76.0,50.0,0.1936524297866938,319.0703371331555,0.6766917293233083
"Dothan, AL",504.0,919.0,33.0,71.0,290096.0,65608.0,58019.0,12270.0,2687.0,818.0,162.0,89.0,61.0,409.0,81.0,45.0,31.0,267.0,53.0,29.0,20.0,179.0,542.0,252.0,166.0,90.0,273.0,127.0,83.0,58.0,176.0,82.0,54.0,0.2261596161270751,217.3003745318352,0.6224719101123595
"Dubuque, IA",228.0,373.0,8.0,13.0,125779.0,28314.0,25156.0,5318.0,1164.0,355.0,156.0,95.0,69.0,177.0,78.0,47.0,34.0,116.0,51.0,31.0,22.0,78.0,975.0,600.0,433.0,39.0,488.0,300.0,217.0,25.0,313.0,192.0,139.0,0.2251091199643819,242.8166023166023,0.5598455598455598
"Duluth, MN",508.0,914.0,73.0,145.0,274471.0,63578.0,54894.0,11638.0,2555.0,776.0,153.0,85.0,59.0,388.0,76.0,42.0,29.0,253.0,50.0,28.0,19.0,170.0,233.0,117.0,78.0,85.0,116.0,59.0,39.0,56.0,77.0,39.0,26.0,0.2316383151589785,208.09021986353295,0.6148597422289613
"Durham, NC",1125.0,2815.0,241.0,516.0,1097252.0,224839.0,219450.0,45967.0,9951.0,3064.0,272.0,109.0,68.0,1532.0,136.0,54.0,34.0,999.0,89.0,35.0,22.0,663.0,275.0,128.0,84.0,332.0,138.0,64.0,42.0,216.0,90.0,42.0,27.0,0.204910995833227,243.5631520532741,0.7502774694783574
"East Long Island, NY",1230.0,5564.0,235.0,582.0,3811249.0,751403.0,762250.0,159104.0,34299.0,10607.0,862.0,191.0,107.0,5303.0,431.0,95.0,54.0,3459.0,281.0,62.0,35.0,2287.0,973.0,393.0,246.0,1143.0,486.0,196.0,123.0,746.0,317.0,128.0,80.0,0.1971540038449337,385.0913408103466,0.8757199151257957
"El Paso, TX",753.0,1420.0,51.0,162.0,839182.0,146112.0,167836.0,34665.0,7378.0,2311.0,307.0,163.0,111.0,1156.0,154.0,81.0,55.0,754.0,100.0,53.0,36.0,492.0,965.0,304.0,180.0,246.0,482.0,152.0,90.0,160.0,314.0,99.0,58.0,0.1741124094654079,402.29242569511024,0.6390220517737296
"Elgin, IL",475.0,857.0,67.0,104.0,610597.0,100811.0,122119.0,25118.0,5318.0,1675.0,353.0,195.0,135.0,837.0,176.0,98.0,68.0,546.0,115.0,64.0,44.0,355.0,530.0,341.0,250.0,177.0,264.0,170.0,125.0,116.0,173.0,112.0,82.0,0.1651023506502652,492.81436642453593,0.6166263115415658
"Elmira, NY",361.0,699.0,14.0,54.0,255069.0,58415.0,51014.0,10803.0,2369.0,720.0,199.0,103.0,69.0,360.0,100.0,52.0,35.0,235.0,65.0,34.0,23.0,158.0,1129.0,293.0,168.0,79.0,564.0,146.0,84.0,52.0,371.0,96.0,55.0,0.2290164622121857,246.20559845559845,0.6515444015444015
"Elyria, OH",214.0,333.0,21.0,42.0,200261.0,44042.0,40052.0,8447.0,1843.0,563.0,263.0,169.0,124.0,282.0,132.0,85.0,62.0,184.0,86.0,55.0,41.0,123.0,586.0,293.0,195.0,61.0,290.0,145.0,97.0,40.0,190.0,95.0,63.0,0.2199230004843679,442.0772626931568,0.5275938189845475
"Erie, PA",706.0,1305.0,88.0,136.0,561138.0,130069.0,112228.0,23795.0,5225.0,1586.0,225.0,122.0,83.0,793.0,112.0,61.0,42.0,517.0,73.0,40.0,27.0,348.0,395.0,256.0,189.0,174.0,198.0,128.0,95.0,114.0,130.0,84.0,62.0,0.2317950308123848,294.71533613445376,0.6292016806722689
"Eugene, OR",416.0,812.0,64.0,101.0,603572.0,141016.0,120714.0,25615.0,5630.0,1708.0,411.0,210.0,141.0,854.0,205.0,105.0,71.0,557.0,134.0,69.0,46.0,375.0,586.0,371.0,272.0,188.0,294.0,186.0,136.0,122.0,191.0,121.0,88.0,0.2336357551377466,499.6456953642384,0.6556291390728477
"Evanston, IL",666.0,1349.0,137.0,234.0,711961.0,162705.0,142392.0,30146.0,6609.0,2010.0,302.0,149.0,99.0,1005.0,151.0,74.0,49.0,655.0,98.0,49.0,32.0,441.0,322.0,188.0,133.0,220.0,161.0,94.0,66.0,144.0,105.0,62.0,43.0,0.2285307762644302,350.37450787401576,0.672244094488189
"Evansville, IN",1050.0,1602.0,157.0,243.0,528945.0,115347.0,105789.0,22292.0,4860.0,1486.0,142.0,93.0,69.0,743.0,71.0,46.0,34.0,485.0,46.0,30.0,23.0,324.0,206.0,133.0,99.0,162.0,103.0,67.0,49.0,106.0,68.0,44.0,32.0,0.2180699316564104,245.5640668523677,0.5125348189415042
"Everett, WA",319.0,635.0,26.0,55.0,542404.0,104811.0,108481.0,22603.0,4862.0,1507.0,472.0,237.0,158.0,753.0,236.0,119.0,79.0,491.0,154.0,77.0,52.0,324.0,1246.0,589.0,390.0,162.0,623.0,295.0,195.0,106.0,408.0,193.0,128.0,0.1932341944380941,570.3512092534174,0.6645636172450052
"Fargo/Moorhead MN, ND",734.0,1303.0,48.0,114.0,432080.0,90275.0,86416.0,18134.0,3934.0,1209.0,165.0,93.0,65.0,604.0,82.0,46.0,32.0,394.0,54.0,30.0,21.0,262.0,546.0,230.0,146.0,131.0,273.0,115.0,73.0,86.0,179.0,75.0,48.0,0.2089312164413997,230.81196581196585,0.607905982905983
"Flint, MI",458.0,916.0,58.0,109.0,426480.0,89340.0,85296.0,17904.0,3885.0,1194.0,261.0,130.0,87.0,597.0,130.0,65.0,43.0,389.0,85.0,42.0,28.0,259.0,447.0,238.0,161.0,130.0,224.0,119.0,81.0,84.0,145.0,77.0,52.0,0.2094822734946539,310.16727272727275,0.6669090909090909
"Florence, SC",481.0,865.0,79.0,151.0,287862.0,62812.0,57572.0,12132.0,2645.0,809.0,168.0,94.0,65.0,404.0,84.0,47.0,32.0,264.0,55.0,31.0,21.0,176.0,223.0,117.0,79.0,88.0,111.0,58.0,39.0,58.0,73.0,38.0,26.0,0.2182017772404832,230.65865384615384,0.6145833333333333
"Fort Collins, CO",341.0,523.0,14.0,22.0,287995.0,47223.0,57599.0,11841.0,2506.0,789.0,231.0,151.0,112.0,395.0,116.0,76.0,56.0,257.0,75.0,49.0,37.0,167.0,1193.0,759.0,539.0,84.0,600.0,382.0,271.0,54.0,386.0,245.0,174.0,0.1639715967291098,409.0838068181818,0.515625
"Fort Lauderdale, FL",2753.0,5038.0,292.0,600.0,2396614.0,619365.0,479323.0,102839.0,22893.0,6856.0,249.0,136.0,94.0,3428.0,125.0,68.0,47.0,2236.0,81.0,44.0,31.0,1526.0,523.0,254.0,168.0,763.0,261.0,127.0,84.0,498.0,171.0,83.0,55.0,0.2584333563936453,327.27215622012835,0.624061177113205
"Fort Myers, FL",1089.0,2102.0,97.0,182.0,1079022.0,373713.0,215804.0,48103.0,11163.0,3207.0,294.0,153.0,103.0,1603.0,147.0,76.0,51.0,1046.0,96.0,50.0,34.0,744.0,767.0,409.0,278.0,372.0,384.0,204.0,139.0,243.0,251.0,134.0,91.0,0.3463441894604558,346.3955056179775,0.6504012841091493
"Fort Smith, AR",487.0,709.0,55.0,71.0,281971.0,62427.0,56394.0,11901.0,2599.0,793.0,163.0,112.0,85.0,397.0,82.0,56.0,43.0,259.0,53.0,37.0,28.0,173.0,315.0,244.0,199.0,87.0,158.0,123.0,100.0,56.0,102.0,79.0,64.0,0.221395108007561,302.8689581095596,0.476906552094522
"Fort Wayne, IN",1038.0,1740.0,143.0,259.0,651379.0,132442.0,130276.0,27269.0,5898.0,1818.0,175.0,104.0,74.0,909.0,88.0,52.0,37.0,593.0,57.0,34.0,24.0,393.0,275.0,152.0,105.0,197.0,138.0,76.0,52.0,128.0,90.0,49.0,34.0,0.2033255600809974,266.73996723996726,0.5749385749385749
"Fort Worth, TX",1400.0,2800.0,187.0,344.0,1764292.0,277941.0,352858.0,72324.0,15247.0,4822.0,344.0,172.0,115.0,2411.0,172.0,86.0,57.0,1572.0,112.0,56.0,37.0,1016.0,543.0,295.0,203.0,508.0,272.0,148.0,101.0,331.0,177.0,96.0,66.0,0.1575368476420003,420.0695238095238,0.6666666666666667
"Fresno, CA",547.0,1241.0,77.0,141.0,918145.0,146620.0,183629.0,37675.0,7952.0,2512.0,459.0,202.0,130.0,1256.0,230.0,101.0,65.0,819.0,150.0,66.0,42.0,530.0,688.0,376.0,259.0,265.0,344.0,188.0,129.0,173.0,225.0,123.0,84.0,0.1596915519879757,474.4935400516796,0.717312661498708
"Gainesville, FL",469.0,1152.0,88.0,195.0,464038.0,96829.0,92808.0,19473.0,4224.0,1298.0,277.0,113.0,71.0,649.0,138.0,56.0,35.0,423.0,90.0,37.0,23.0,282.0,320.0,145.0,93.0,141.0,160.0,72.0,47.0,92.0,105.0,47.0,30.0,0.2086661006210698,253.01962922573608,0.7442748091603053
"Gary, IN",638.0,1036.0,95.0,137.0,392167.0,80990.0,78433.0,16441.0,3562.0,1096.0,172.0,106.0,76.0,548.0,86.0,53.0,38.0,357.0,56.0,34.0,25.0,237.0,249.0,173.0,132.0,119.0,125.0,87.0,66.0,77.0,81.0,56.0,43.0,0.2065191614796757,273.47768479776846,0.5550906555090656
"Grand Forks, ND",374.0,663.0,18.0,24.0,130084.0,25793.0,26017.0,5433.0,1172.0,362.0,97.0,55.0,38.0,181.0,48.0,27.0,19.0,118.0,32.0,18.0,12.0,78.0,433.0,325.0,252.0,39.0,217.0,163.0,126.0,25.0,139.0,104.0,81.0,0.1982795731988561,136.64285714285714,0.6071428571428572
"Grand Junction, CO",321.0,509.0,33.0,54.0,270519.0,57077.0,54104.0,11364.0,2468.0,758.0,236.0,149.0,109.0,379.0,118.0,74.0,54.0,247.0,77.0,49.0,35.0,165.0,500.0,306.0,220.0,82.0,248.0,152.0,109.0,54.0,164.0,100.0,72.0,0.2109907252355657,388.6767241379311,0.5387931034482758
"Grand Rapids, MI",957.0,1699.0,86.0,161.0,933913.0,171359.0,186783.0,38745.0,8289.0,2583.0,270.0,152.0,106.0,1292.0,135.0,76.0,53.0,842.0,88.0,50.0,35.0,553.0,643.0,343.0,234.0,276.0,321.0,171.0,117.0,180.0,209.0,112.0,76.0,0.183484971298183,382.75122950819673,0.6077868852459016
"Great Falls, MT",367.0,652.0,27.0,39.0,114922.0,25583.0,22984.0,4853.0,1061.0,324.0,88.0,50.0,35.0,162.0,44.0,25.0,17.0,106.0,29.0,16.0,11.0,71.0,263.0,182.0,142.0,35.0,130.0,90.0,70.0,23.0,85.0,59.0,46.0,0.2226118584779241,122.64887940234792,0.608324439701174
"Greeley, CO",396.0,594.0,28.0,54.0,294267.0,55594.0,58853.0,12238.0,2626.0,816.0,206.0,137.0,103.0,408.0,103.0,69.0,52.0,266.0,67.0,45.0,34.0,175.0,625.0,324.0,222.0,88.0,314.0,163.0,111.0,57.0,204.0,106.0,72.0,0.1889236645631348,371.5492424242424,0.5
"Green Bay, WI",498.0,744.0,43.0,77.0,402953.0,88095.0,80591.0,16986.0,3704.0,1132.0,227.0,152.0,114.0,566.0,114.0,76.0,57.0,369.0,74.0,50.0,37.0,247.0,574.0,321.0,221.0,123.0,286.0,160.0,110.0,81.0,188.0,105.0,72.0,0.2186235119232267,407.0232323232323,0.4969696969696969
"Greensboro, NC",362.0,793.0,47.0,91.0,505727.0,100544.0,101145.0,21128.0,4559.0,1409.0,389.0,178.0,115.0,704.0,194.0,89.0,58.0,459.0,127.0,58.0,38.0,304.0,647.0,334.0,225.0,152.0,323.0,167.0,113.0,99.0,211.0,109.0,73.0,0.1988108208578936,413.1756535947712,0.7042483660130718
"Greenville, NC",631.0,1304.0,115.0,227.0,679309.0,136432.0,135862.0,28406.0,6136.0,1894.0,300.0,145.0,96.0,947.0,150.0,73.0,48.0,618.0,98.0,47.0,31.0,409.0,356.0,180.0,121.0,205.0,178.0,90.0,60.0,133.0,116.0,59.0,39.0,0.2008393823723813,343.60596863935257,0.6808295397066262
"Greenville, SC",798.0,1507.0,41.0,161.0,743619.0,153533.0,148724.0,31175.0,6755.0,2078.0,260.0,138.0,94.0,1039.0,130.0,69.0,47.0,678.0,85.0,45.0,31.0,450.0,1098.0,280.0,160.0,225.0,549.0,140.0,80.0,147.0,359.0,91.0,52.0,0.2064672903731615,335.4167794316644,0.6400541271989175
"Gulfport, MS",287.0,448.0,40.0,60.0,159671.0,28559.0,31934.0,6610.0,1411.0,441.0,154.0,98.0,72.0,220.0,77.0,49.0,36.0,144.0,50.0,32.0,24.0,94.0,235.0,157.0,118.0,47.0,118.0,78.0,59.0,31.0,78.0,52.0,39.0,0.1788615340293478,262.1855500821018,0.5287356321839081
"Hackensack, NJ",1057.0,2438.0,98.0,137.0,1048868.0,200075.0,209774.0,43658.0,9379.0,2911.0,275.0,119.0,76.0,1455.0,138.0,60.0,38.0,949.0,90.0,39.0,25.0,625.0,638.0,456.0,357.0,313.0,319.0,228.0,179.0,204.0,208.0,149.0,117.0,0.1907532692388365,274.6446713799424,0.7232259753862267
"Harlingen, TX",536.0,840.0,44.0,82.0,418633.0,76061.0,83727.0,17353.0,3709.0,1157.0,216.0,138.0,101.0,578.0,108.0,69.0,50.0,377.0,70.0,45.0,33.0,247.0,561.0,301.0,206.0,124.0,282.0,151.0,103.0,81.0,184.0,99.0,68.0,0.181688973396746,365.6183406113537,0.531877729257642
"Harrisburg, PA",929.0,1677.0,61.0,136.0,825408.0,183199.0,165082.0,34846.0,7613.0,2323.0,250.0,139.0,96.0,1162.0,125.0,69.0,48.0,758.0,82.0,45.0,31.0,508.0,833.0,374.0,241.0,254.0,416.0,187.0,120.0,166.0,272.0,122.0,79.0,0.2219496297588586,340.2341302555647,0.6170651277823578
"Hartford, CT",751.0,1803.0,115.0,219.0,1196337.0,245503.0,239267.0,50125.0,10853.0,3342.0,445.0,185.0,117.0,1671.0,223.0,93.0,59.0,1090.0,145.0,60.0,38.0,724.0,630.0,331.0,224.0,362.0,315.0,165.0,112.0,236.0,205.0,108.0,73.0,0.2052122437072497,419.0322241681261,0.7369527145359019
"Hattiesburg, MS",504.0,1025.0,30.0,57.0,240419.0,46076.0,48084.0,10011.0,2152.0,667.0,132.0,65.0,43.0,334.0,66.0,33.0,22.0,218.0,43.0,21.0,14.0,143.0,477.0,251.0,168.0,72.0,240.0,126.0,85.0,47.0,157.0,82.0,55.0,0.1916487465632916,155.51034928848642,0.6739974126778784
"Hickory, NC",253.0,428.0,25.0,45.0,229268.0,51364.0,45854.0,9688.0,2119.0,646.0,255.0,151.0,107.0,323.0,128.0,75.0,54.0,211.0,83.0,49.0,35.0,141.0,564.0,313.0,220.0,71.0,284.0,158.0,111.0,46.0,184.0,102.0,72.0,0.2240347540869201,380.212271973466,0.5804311774461028
"Hinsdale, IL",402.0,721.0,89.0,130.0,385733.0,67856.0,77147.0,15947.0,3397.0,1063.0,264.0,147.0,102.0,532.0,132.0,74.0,51.0,347.0,86.0,48.0,33.0,226.0,254.0,174.0,131.0,113.0,127.0,87.0,66.0,74.0,83.0,57.0,43.0,0.1759144278555373,370.5408261287224,0.6138328530259366
"Honolulu, HI",795.0,1709.0,73.0,146.0,1114023.0,238126.0,222805.0,46857.0,10192.0,3124.0,393.0,183.0,119.0,1562.0,196.0,91.0,60.0,1019.0,128.0,60.0,39.0,679.0,930.0,465.0,310.0,340.0,466.0,233.0,155.0,222.0,304.0,152.0,101.0,0.2137532169443539,424.7133053755242,0.6969119329012581
"Houma, LA",399.0,553.0,32.0,49.0,206176.0,37957.0,41235.0,8556.0,1831.0,570.0,143.0,103.0,81.0,285.0,71.0,52.0,40.0,186.0,47.0,34.0,26.0,122.0,381.0,249.0,188.0,61.0,191.0,124.0,94.0,40.0,125.0,82.0,62.0,0.1840999922396399,291.62093352192363,0.4356435643564357
"Houston, TX",5130.0,9596.0,652.0,1221.0,5278689.0,769270.0,1055738.0,215206.0,45055.0,14347.0,280.0,150.0,102.0,7174.0,140.0,75.0,51.0,4678.0,91.0,49.0,33.0,3004.0,461.0,246.0,168.0,1502.0,230.0,123.0,84.0,979.0,150.0,80.0,55.0,0.1457312601670604,375.3867870857631,0.6351870288721377
"Hudson, FL",329.0,758.0,45.0,102.0,351228.0,112737.0,70246.0,15489.0,3553.0,1033.0,314.0,136.0,87.0,516.0,157.0,68.0,43.0,337.0,102.0,44.0,28.0,237.0,527.0,232.0,148.0,118.0,262.0,116.0,74.0,77.0,171.0,75.0,48.0,0.3209795346612457,295.64646464646466,0.7230639730639731
"Huntington, WV",382.0,971.0,64.0,113.0,276340.0,63341.0,55268.0,11704.0,2567.0,780.0,204.0,80.0,50.0,390.0,102.0,40.0,25.0,254.0,66.0,26.0,16.0,171.0,267.0,151.0,106.0,86.0,134.0,76.0,53.0,56.0,88.0,50.0,35.0,0.2292140117246869,177.0275464445868,0.755285073670724
"Huntsville, AL",569.0,1187.0,59.0,154.0,506155.0,100153.0,101231.0,21137.0,4558.0,1409.0,248.0,119.0,78.0,705.0,124.0,59.0,39.0,460.0,81.0,39.0,25.0,304.0,515.0,197.0,123.0,152.0,258.0,99.0,61.0,99.0,168.0,64.0,40.0,0.1978702176210844,280.5737250554324,0.684589800443459
"Idaho Falls, ID",269.0,381.0,24.0,34.0,169856.0,28437.0,33971.0,6995.0,1483.0,466.0,173.0,122.0,95.0,233.0,87.0,61.0,47.0,152.0,57.0,40.0,31.0,99.0,413.0,291.0,225.0,49.0,204.0,144.0,111.0,32.0,133.0,94.0,73.0,0.1674182837226827,345.2357723577236,0.4532520325203252
"Indianapolis, IN",3350.0,5396.0,403.0,742.0,2249394.0,412838.0,449879.0,93321.0,19966.0,6221.0,186.0,115.0,84.0,3111.0,93.0,58.0,42.0,2029.0,61.0,38.0,27.0,1331.0,330.0,179.0,123.0,666.0,165.0,90.0,62.0,434.0,108.0,58.0,40.0,0.1835329871067496,302.2972718720602,0.5497916946646957
"Iowa City, IA",538.0,976.0,64.0,106.0,279218.0,53012.0,55844.0,11618.0,2494.0,775.0,144.0,79.0,55.0,387.0,72.0,40.0,27.0,253.0,47.0,26.0,18.0,166.0,259.0,157.0,113.0,83.0,130.0,78.0,56.0,54.0,84.0,51.0,37.0,0.1898588199901152,197.46676096181048,0.6195190947666196
"Jackson, MS",1964.0,3194.0,149.0,277.0,792834.0,152349.0,158567.0,33022.0,7099.0,2201.0,112.0,69.0,50.0,1101.0,56.0,34.0,25.0,718.0,37.0,22.0,16.0,473.0,317.0,171.0,117.0,237.0,159.0,86.0,58.0,154.0,103.0,56.0,38.0,0.1921575008135372,179.1715254237288,0.5561581920903955
"Jackson, TN",423.0,743.0,57.0,86.0,256100.0,58414.0,51220.0,10842.0,2376.0,723.0,171.0,97.0,68.0,361.0,85.0,49.0,34.0,236.0,56.0,32.0,22.0,158.0,277.0,184.0,137.0,79.0,139.0,92.0,69.0,52.0,91.0,60.0,45.0,0.2280905896134322,240.9219190968956,0.6020696142991533
"Jacksonville, FL",1625.0,3286.0,183.0,400.0,1340118.0,254567.0,268024.0,55761.0,11973.0,3717.0,229.0,113.0,75.0,1859.0,114.0,57.0,38.0,1212.0,75.0,37.0,24.0,798.0,436.0,200.0,129.0,399.0,218.0,100.0,65.0,260.0,142.0,65.0,42.0,0.1899586454327156,270.89508793208006,0.6715180917727916
"Johnson City, TN",342.0,649.0,39.0,66.0,235522.0,51395.0,47104.0,9926.0,2164.0,662.0,194.0,102.0,69.0,331.0,97.0,51.0,35.0,216.0,63.0,33.0,23.0,144.0,369.0,218.0,153.0,72.0,185.0,109.0,77.0,47.0,121.0,71.0,50.0,0.218217406441861,246.36192468619248,0.6422594142259415
"Johnstown, PA",426.0,584.0,25.0,35.0,170816.0,45254.0,34163.0,7351.0,1642.0,490.0,115.0,84.0,66.0,245.0,58.0,42.0,33.0,160.0,38.0,27.0,22.0,109.0,436.0,311.0,248.0,55.0,220.0,157.0,125.0,36.0,144.0,103.0,82.0,0.2649283439490446,230.5209176788124,0.4251012145748988
"Joliet, IL",662.0,1019.0,53.0,101.0,516812.0,90546.0,103362.0,21359.0,4549.0,1424.0,215.0,140.0,103.0,712.0,108.0,70.0,52.0,464.0,70.0,46.0,34.0,303.0,572.0,300.0,203.0,152.0,287.0,150.0,102.0,99.0,187.0,98.0,66.0,0.1752010402235242,375.5901162790698,0.5188953488372092
"Jonesboro, AR",403.0,689.0,23.0,50.0,185969.0,38518.0,37194.0,7799.0,1690.0,520.0,129.0,75.0,53.0,260.0,65.0,38.0,27.0,170.0,42.0,25.0,17.0,113.0,491.0,226.0,149.0,56.0,243.0,112.0,74.0,37.0,161.0,74.0,49.0,0.2071205415956422,190.7374358974359,0.5866666666666667
"Joplin, MO",507.0,776.0,71.0,97.0,282798.0,63826.0,56560.0,11959.0,2618.0,797.0,157.0,103.0,76.0,399.0,79.0,51.0,38.0,260.0,51.0,34.0,25.0,175.0,246.0,180.0,141.0,87.0,123.0,90.0,70.0,57.0,80.0,59.0,46.0,0.2256946654502507,270.6200956937799,0.5148325358851675
"Kalamazoo, MI",681.0,1072.0,21.0,80.0,520196.0,104986.0,104039.0,21762.0,4703.0,1451.0,213.0,135.0,99.0,725.0,106.0,68.0,50.0,473.0,69.0,44.0,32.0,314.0,1495.0,393.0,226.0,157.0,748.0,196.0,113.0,102.0,486.0,128.0,73.0,0.2018200831994094,355.8112175102599,0.5341997264021887
"Kansas City, MO",2646.0,4691.0,286.0,541.0,1950902.0,362250.0,390180.0,81017.0,17355.0,5401.0,204.0,115.0,80.0,2701.0,102.0,58.0,40.0,1761.0,67.0,38.0,26.0,1157.0,405.0,214.0,146.0,578.0,202.0,107.0,73.0,377.0,132.0,70.0,47.0,0.1856833403215538,289.62321852731594,0.607185273159145
"Kettering, OH",412.0,667.0,42.0,90.0,334281.0,73199.0,66856.0,14093.0,3074.0,940.0,228.0,141.0,102.0,470.0,114.0,70.0,51.0,306.0,74.0,46.0,33.0,205.0,488.0,228.0,149.0,102.0,243.0,113.0,74.0,67.0,160.0,74.0,49.0,0.2189744556226647,362.1679306608884,0.5536294691224268
"Kingsport, TN",668.0,1077.0,75.0,130.0,375852.0,93948.0,75170.0,16067.0,3562.0,1071.0,160.0,99.0,72.0,536.0,80.0,50.0,36.0,349.0,52.0,32.0,24.0,237.0,316.0,182.0,128.0,119.0,159.0,92.0,64.0,77.0,103.0,59.0,42.0,0.2499600906739887,253.0989898989899,0.5501683501683502
"Knoxville, TN",1198.0,2195.0,74.0,186.0,1108058.0,250729.0,221612.0,46870.0,10263.0,3125.0,261.0,142.0,98.0,1562.0,130.0,71.0,49.0,1019.0,85.0,46.0,32.0,684.0,924.0,368.0,229.0,342.0,462.0,184.0,114.0,223.0,301.0,120.0,75.0,0.226277866321077,347.0272471030379,0.6248042593172565
"La Crosse, WI",286.0,468.0,44.0,61.0,279590.0,60747.0,55918.0,11779.0,2567.0,785.0,274.0,168.0,121.0,393.0,137.0,84.0,60.0,256.0,90.0,55.0,39.0,171.0,389.0,280.0,219.0,86.0,195.0,141.0,110.0,56.0,127.0,92.0,72.0,0.2172717193032655,430.1384615384615,0.56
"Lafayette, IN",193.0,325.0,14.0,24.0,199535.0,31824.0,39907.0,8187.0,1728.0,546.0,283.0,168.0,119.0,273.0,141.0,84.0,60.0,178.0,92.0,55.0,39.0,115.0,821.0,479.0,338.0,58.0,414.0,242.0,171.0,38.0,271.0,158.0,112.0,0.159490816147543,436.6192560175055,0.5776805251641137
"Lafayette, LA",700.0,1208.0,87.0,137.0,477559.0,85840.0,95512.0,19778.0,4223.0,1319.0,188.0,109.0,77.0,659.0,94.0,55.0,38.0,430.0,61.0,36.0,25.0,282.0,324.0,206.0,150.0,141.0,162.0,103.0,75.0,92.0,106.0,67.0,49.0,0.1797474238785155,278.2977855477856,0.592074592074592
"Lake Charles, LA",424.0,627.0,44.0,62.0,210604.0,37934.0,42121.0,8724.0,1863.0,582.0,137.0,93.0,70.0,291.0,69.0,46.0,35.0,190.0,45.0,30.0,23.0,124.0,282.0,200.0,153.0,62.0,141.0,100.0,77.0,40.0,91.0,65.0,49.0,0.1801200357068242,253.7397590361446,0.4891566265060241
"Lakeland, FL",382.0,714.0,57.0,80.0,317384.0,73118.0,63477.0,13450.0,2951.0,897.0,235.0,126.0,86.0,448.0,117.0,63.0,43.0,292.0,76.0,41.0,28.0,197.0,346.0,246.0,191.0,98.0,172.0,123.0,95.0,64.0,112.0,80.0,62.0,0.2303770826506692,303.4263862332696,0.6347992351816444
"Lancaster, PA",468.0,774.0,40.0,69.0,528715.0,112509.0,105743.0,22229.0,4833.0,1482.0,317.0,191.0,137.0,741.0,158.0,96.0,69.0,483.0,103.0,62.0,45.0,322.0,805.0,467.0,329.0,161.0,403.0,233.0,164.0,105.0,263.0,152.0,107.0,0.212797064581107,489.0980573543016,0.5670675300647549
"Lansing, MI",632.0,1038.0,115.0,177.0,561636.0,102892.0,112327.0,23297.0,4984.0,1553.0,246.0,150.0,108.0,777.0,123.0,75.0,54.0,506.0,80.0,49.0,35.0,332.0,289.0,188.0,138.0,166.0,144.0,94.0,69.0,108.0,94.0,61.0,45.0,0.1832005070900013,388.9445983379501,0.5623268698060941
"Las Vegas, NV",1088.0,2626.0,162.0,462.0,1704994.0,321669.0,340999.0,70902.0,15213.0,4727.0,434.0,180.0,113.0,2363.0,217.0,90.0,57.0,1541.0,142.0,59.0,37.0,1014.0,626.0,219.0,133.0,507.0,313.0,110.0,67.0,331.0,204.0,72.0,43.0,0.1886628340041079,409.3623049219688,0.7387755102040816
"Lawton, OK",346.0,539.0,32.0,54.0,152745.0,28422.0,30549.0,6344.0,1359.0,423.0,122.0,78.0,58.0,211.0,61.0,39.0,29.0,138.0,40.0,26.0,19.0,91.0,284.0,169.0,120.0,45.0,141.0,83.0,59.0,30.0,94.0,56.0,39.0,0.1860748306000196,208.38335607094132,0.5279672578444747
"Lebanon, NH",333.0,636.0,56.0,80.0,320499.0,77792.0,64100.0,13657.0,3016.0,910.0,273.0,143.0,97.0,455.0,137.0,72.0,48.0,297.0,89.0,47.0,32.0,201.0,359.0,251.0,191.0,101.0,180.0,126.0,96.0,66.0,118.0,83.0,63.0,0.2427215061513452,341.3194888178914,0.645367412140575
"Lexington, KY",2073.0,3559.0,172.0,375.0,1192842.0,231348.0,238568.0,49724.0,10700.0,3315.0,160.0,93.0,66.0,1657.0,80.0,47.0,33.0,1081.0,52.0,30.0,21.0,713.0,415.0,190.0,123.0,357.0,208.0,95.0,62.0,233.0,135.0,62.0,40.0,0.1939468932180456,236.4404360753221,0.5890981169474727
"Lincoln, NE",1016.0,1532.0,33.0,75.0,459005.0,93970.0,91801.0,19228.0,4162.0,1282.0,126.0,84.0,63.0,641.0,63.0,42.0,31.0,418.0,41.0,27.0,20.0,277.0,839.0,369.0,239.0,139.0,421.0,185.0,120.0,90.0,273.0,120.0,78.0,0.2047254387207111,224.23302393746943,0.5036638983878847
"Little Rock, AR",2174.0,3514.0,177.0,348.0,1212482.0,258840.0,242496.0,50992.0,11090.0,3399.0,156.0,97.0,70.0,1700.0,78.0,48.0,35.0,1109.0,51.0,32.0,23.0,739.0,418.0,212.0,142.0,370.0,209.0,106.0,71.0,241.0,136.0,69.0,46.0,0.2134794578393741,249.79027606098063,0.5521219612690564
"Longview, TX",98.0,161.0,21.0,33.0,161316.0,33367.0,32263.0,6764.0,1466.0,451.0,460.0,280.0,201.0,225.0,230.0,140.0,100.0,147.0,150.0,91.0,66.0,98.0,467.0,297.0,218.0,49.0,233.0,148.0,109.0,32.0,152.0,97.0,71.0,0.2068424706786679,720.1607142857143,0.5625
"Los Angeles, CA",6594.0,13043.0,942.0,1679.0,7874162.0,1268093.0,1574832.0,323312.0,68296.0,21554.0,327.0,165.0,111.0,10777.0,163.0,83.0,55.0,7029.0,107.0,54.0,36.0,4553.0,483.0,271.0,189.0,2277.0,242.0,136.0,94.0,1485.0,158.0,88.0,61.0,0.1610448197535179,403.9689103221834,0.6617073671249744
"Louisville, KY",1700.0,2931.0,165.0,335.0,1385741.0,271762.0,277148.0,57822.0,12458.0,3855.0,227.0,132.0,93.0,1927.0,113.0,66.0,46.0,1257.0,74.0,43.0,30.0,831.0,504.0,248.0,164.0,415.0,252.0,124.0,82.0,271.0,164.0,81.0,54.0,0.1961131264789019,332.95074483421433,0.5915425276309467
"Lubbock, TX",922.0,1367.0,85.0,191.0,546461.0,91980.0,109292.0,22513.0,4776.0,1501.0,163.0,110.0,83.0,750.0,81.0,55.0,41.0,489.0,53.0,36.0,27.0,318.0,374.0,166.0,107.0,159.0,187.0,83.0,53.0,104.0,122.0,54.0,35.0,0.1683194226120437,301.7454445057979,0.4908890115958034
"Lynchburg, VA",309.0,741.0,20.0,37.0,217344.0,49862.0,43469.0,9206.0,2019.0,614.0,199.0,83.0,52.0,307.0,99.0,41.0,26.0,200.0,65.0,27.0,17.0,135.0,675.0,365.0,245.0,67.0,335.0,181.0,122.0,44.0,220.0,119.0,80.0,0.2294151207302709,185.1311754684838,0.7367972742759796
"Macon, GA",865.0,1580.0,57.0,149.0,568689.0,111226.0,113738.0,23724.0,5110.0,1582.0,183.0,100.0,69.0,791.0,91.0,50.0,34.0,516.0,60.0,33.0,22.0,341.0,598.0,229.0,142.0,170.0,298.0,114.0,71.0,111.0,195.0,74.0,46.0,0.1955831746349938,247.7947712418301,0.6230936819172113
"Madison, WI",838.0,1640.0,121.0,194.0,886932.0,165619.0,177386.0,36850.0,7898.0,2457.0,293.0,150.0,101.0,1228.0,147.0,75.0,50.0,801.0,96.0,49.0,33.0,527.0,436.0,272.0,197.0,263.0,217.0,136.0,99.0,172.0,142.0,89.0,64.0,0.1867324665250549,363.05034793286944,0.6569791240278346
"Manchester, NH",582.0,1092.0,53.0,95.0,714679.0,143594.0,142936.0,29886.0,6456.0,1992.0,342.0,182.0,124.0,996.0,171.0,91.0,62.0,650.0,112.0,60.0,41.0,430.0,811.0,453.0,314.0,215.0,406.0,226.0,157.0,140.0,264.0,147.0,102.0,0.2009209729123144,445.83842794759823,0.636930754834685
"Manhattan, NY",3059.0,8946.0,616.0,1021.0,4173437.0,725342.0,834687.0,172372.0,36678.0,11491.0,376.0,128.0,77.0,5746.0,188.0,64.0,39.0,3747.0,122.0,42.0,25.0,2445.0,397.0,239.0,171.0,1223.0,199.0,120.0,86.0,797.0,129.0,78.0,56.0,0.1737996763818406,281.3426587569098,0.7937845490090333
"Marquette, MI",276.0,438.0,18.0,32.0,159278.0,39415.0,31856.0,6802.0,1506.0,453.0,164.0,103.0,75.0,227.0,82.0,52.0,38.0,148.0,54.0,34.0,25.0,100.0,556.0,313.0,213.0,50.0,278.0,156.0,106.0,33.0,183.0,103.0,70.0,0.2474604151232436,265.0216306156406,0.540765391014975
"Marshfield, WI",281.0,494.0,34.0,51.0,295582.0,70770.0,59116.0,12577.0,2773.0,838.0,298.0,170.0,119.0,419.0,149.0,85.0,59.0,273.0,97.0,55.0,39.0,185.0,544.0,363.0,272.0,92.0,271.0,180.0,135.0,60.0,176.0,118.0,88.0,0.2394259460995595,418.671388101983,0.6019830028328612
"Mason City, IA",239.0,354.0,6.0,12.0,100326.0,26837.0,20065.0,4322.0,967.0,288.0,121.0,81.0,61.0,144.0,60.0,41.0,31.0,94.0,39.0,27.0,20.0,64.0,1067.0,533.0,356.0,32.0,533.0,267.0,178.0,21.0,350.0,175.0,117.0,0.2674979566612842,213.4595744680851,0.4914893617021276
"McAllen, TX",849.0,1394.0,133.0,241.0,486579.0,74033.0,97316.0,19897.0,4181.0,1326.0,156.0,95.0,68.0,663.0,78.0,48.0,34.0,433.0,51.0,31.0,22.0,279.0,210.0,116.0,80.0,139.0,105.0,58.0,40.0,91.0,68.0,38.0,26.0,0.1521500105840983,251.07275541795664,0.5619195046439629
"Medford, OR",369.0,612.0,25.0,49.0,351154.0,95565.0,70231.0,15160.0,3398.0,1011.0,274.0,165.0,118.0,505.0,137.0,83.0,59.0,330.0,89.0,54.0,39.0,227.0,908.0,463.0,315.0,113.0,452.0,231.0,157.0,74.0,296.0,151.0,103.0,0.2721455543721558,410.706432748538,0.5684210526315789
"Melrose Park, IL",1122.0,2012.0,137.0,236.0,1031510.0,185204.0,206302.0,42716.0,9119.0,2848.0,254.0,142.0,98.0,1424.0,127.0,71.0,49.0,929.0,83.0,46.0,32.0,608.0,444.0,258.0,182.0,304.0,222.0,129.0,91.0,198.0,145.0,84.0,59.0,0.1795464900970422,355.447966919366,0.6133700895933838
"Memphis, TN",2045.0,3549.0,139.0,341.0,1366198.0,246308.0,273240.0,56595.0,12087.0,3773.0,184.0,106.0,75.0,1886.0,92.0,53.0,37.0,1230.0,60.0,35.0,24.0,806.0,580.0,236.0,148.0,403.0,290.0,118.0,74.0,263.0,189.0,77.0,48.0,0.1802871911684836,270.3201424614167,0.5953700039572616
"Meridian, MS",445.0,781.0,19.0,38.0,148060.0,32340.0,29612.0,6241.0,1361.0,416.0,93.0,53.0,37.0,208.0,47.0,27.0,19.0,136.0,31.0,17.0,12.0,91.0,479.0,239.0,160.0,45.0,237.0,118.0,79.0,30.0,158.0,79.0,53.0,0.2184249628528974,132.5514771709937,0.6016114592658908
"Mesa, AZ",648.0,1370.0,108.0,200.0,1135619.0,212738.0,227124.0,47196.0,10119.0,3146.0,485.0,230.0,150.0,1573.0,243.0,115.0,75.0,1026.0,158.0,75.0,49.0,675.0,625.0,338.0,232.0,337.0,312.0,169.0,116.0,220.0,204.0,110.0,76.0,0.1873321950407663,543.0985174557628,0.6901004304160689
"Metairie, LA",406.0,631.0,44.0,78.0,366346.0,76217.0,73269.0,15369.0,3333.0,1025.0,252.0,162.0,120.0,512.0,126.0,81.0,60.0,334.0,82.0,53.0,39.0,222.0,505.0,285.0,200.0,111.0,252.0,142.0,100.0,72.0,164.0,92.0,65.0,0.2080464915680804,427.4749124854142,0.5262543757292882
"Miami, FL",2952.0,6045.0,280.0,630.0,2741481.0,526396.0,548296.0,114178.0,24544.0,7612.0,258.0,126.0,83.0,3806.0,129.0,63.0,42.0,2482.0,84.0,41.0,27.0,1636.0,584.0,260.0,167.0,818.0,292.0,130.0,83.0,534.0,191.0,85.0,54.0,0.1920115441252374,299.97603676551046,0.6769887296203085
"Milwaukee, WI",2207.0,3735.0,323.0,570.0,2079205.0,380644.0,415841.0,86242.0,18447.0,5749.0,260.0,154.0,109.0,2875.0,130.0,77.0,55.0,1875.0,85.0,50.0,36.0,1230.0,381.0,216.0,150.0,615.0,190.0,108.0,75.0,401.0,124.0,70.0,49.0,0.1830718952676624,395.0608018240548,0.5806574197225917
"Minneapolis, MN",2458.0,4706.0,238.0,425.0,2570355.0,478271.0,514071.0,106761.0,22874.0,7117.0,290.0,151.0,102.0,3559.0,145.0,76.0,51.0,2321.0,94.0,49.0,33.0,1525.0,641.0,359.0,249.0,762.0,320.0,179.0,125.0,497.0,209.0,117.0,81.0,0.186071962822256,369.6225194132873,0.6465343687086569
"Minot, ND",384.0,650.0,9.0,14.0,112434.0,19303.0,22487.0,4639.0,986.0,309.0,80.0,48.0,34.0,155.0,40.0,24.0,17.0,101.0,26.0,16.0,11.0,66.0,733.0,471.0,347.0,33.0,367.0,236.0,174.0,21.0,233.0,150.0,111.0,0.1716829428820463,122.74454148471617,0.5807860262008734
"Missoula, MT",455.0,729.0,39.0,59.0,315091.0,74302.0,63018.0,13385.0,2946.0,892.0,196.0,122.0,89.0,446.0,98.0,61.0,45.0,291.0,64.0,40.0,29.0,196.0,503.0,332.0,248.0,98.0,251.0,166.0,124.0,64.0,164.0,108.0,81.0,0.2358112418317248,314.4620758483034,0.5459081836327345
"Mobile, AL",695.0,1380.0,101.0,191.0,648957.0,135227.0,129791.0,27230.0,5906.0,1815.0,261.0,132.0,88.0,908.0,131.0,66.0,44.0,592.0,85.0,43.0,29.0,394.0,390.0,206.0,140.0,197.0,195.0,103.0,70.0,128.0,127.0,67.0,45.0,0.2083759016390916,314.1127783155857,0.6636011616650532
"Modesto, CA",467.0,972.0,44.0,81.0,680976.0,119559.0,136195.0,28149.0,5996.0,1877.0,402.0,193.0,127.0,938.0,201.0,97.0,63.0,612.0,131.0,63.0,41.0,400.0,909.0,494.0,339.0,200.0,455.0,247.0,169.0,130.0,295.0,160.0,110.0,0.1755700641432297,460.74154262516913,0.6840324763193505
"Monroe, LA",561.0,813.0,36.0,69.0,204787.0,41070.0,40957.0,8562.0,1849.0,571.0,102.0,70.0,54.0,285.0,51.0,35.0,27.0,186.0,33.0,23.0,17.0,123.0,342.0,178.0,121.0,62.0,172.0,90.0,61.0,40.0,111.0,58.0,39.0,0.200549839589427,192.468984962406,0.4727443609022557
"Montgomery, AL",461.0,843.0,61.0,96.0,360863.0,68023.0,72173.0,15005.0,3219.0,1000.0,217.0,119.0,82.0,500.0,108.0,59.0,41.0,326.0,71.0,39.0,27.0,215.0,352.0,224.0,164.0,107.0,175.0,111.0,82.0,70.0,115.0,73.0,53.0,0.188500899233227,294.5820408163265,0.623673469387755
"Morgantown, WV",499.0,1027.0,40.0,97.0,329288.0,68760.0,65858.0,13819.0,2998.0,921.0,185.0,90.0,59.0,461.0,92.0,45.0,30.0,300.0,60.0,29.0,19.0,200.0,500.0,206.0,129.0,100.0,250.0,103.0,65.0,65.0,163.0,67.0,42.0,0.2088141687519739,211.7607717041801,0.6790996784565917
"Morristown, NJ",589.0,1226.0,54.0,101.0,795142.0,157620.0,159028.0,33210.0,7163.0,2214.0,376.0,181.0,119.0,1107.0,188.0,90.0,59.0,722.0,123.0,59.0,39.0,478.0,885.0,473.0,325.0,239.0,443.0,237.0,163.0,156.0,289.0,154.0,106.0,0.1982287440482329,427.0365198711064,0.6836734693877551
"Muncie, IN",129.0,253.0,8.0,22.0,128803.0,27663.0,25761.0,5420.0,1180.0,361.0,280.0,143.0,96.0,181.0,140.0,72.0,48.0,118.0,91.0,47.0,31.0,79.0,988.0,359.0,219.0,39.0,488.0,177.0,108.0,26.0,325.0,118.0,72.0,0.2147698423173373,341.6525198938992,0.6578249336870027
"Munster, IN",642.0,1071.0,42.0,74.0,239843.0,45234.0,47969.0,9974.0,2140.0,665.0,104.0,62.0,44.0,332.0,52.0,31.0,22.0,217.0,34.0,20.0,14.0,143.0,340.0,193.0,136.0,71.0,169.0,96.0,68.0,47.0,112.0,64.0,45.0,0.1885983747701621,159.89533333333333,0.5720000000000001
"Muskegon, MI",253.0,377.0,40.0,49.0,209507.0,45654.0,41901.0,8829.0,1925.0,589.0,233.0,156.0,118.0,294.0,116.0,78.0,59.0,192.0,76.0,51.0,38.0,128.0,320.0,261.0,225.0,64.0,160.0,131.0,112.0,42.0,105.0,86.0,74.0,0.2179115733603173,418.1776447105788,0.4950099800399201
"Napa, CA",152.0,304.0,41.0,56.0,218503.0,53625.0,43701.0,9322.0,2062.0,621.0,409.0,204.0,136.0,311.0,205.0,102.0,68.0,203.0,134.0,67.0,45.0,137.0,334.0,245.0,196.0,69.0,168.0,123.0,99.0,45.0,110.0,80.0,64.0,0.2454199713505077,479.1732456140351,0.6666666666666667
"Nashville, TN",2987.0,5398.0,317.0,717.0,2282662.0,410987.0,456532.0,94550.0,20190.0,6303.0,211.0,117.0,81.0,3152.0,106.0,58.0,40.0,2055.0,69.0,38.0,26.0,1346.0,425.0,188.0,120.0,673.0,212.0,94.0,60.0,439.0,138.0,61.0,39.0,0.1800472430872376,292.2742637644046,0.6175416133162612
"Neenah, WI",262.0,355.0,25.0,35.0,191863.0,39899.0,38373.0,8049.0,1745.0,537.0,205.0,151.0,120.0,268.0,102.0,75.0,60.0,175.0,67.0,49.0,39.0,116.0,464.0,331.0,252.0,58.0,232.0,166.0,126.0,38.0,152.0,109.0,83.0,0.2079556767068168,429.2237136465324,0.4138702460850112
"New Brunswick, NJ",616.0,1397.0,126.0,170.0,845392.0,153380.0,169078.0,35039.0,7488.0,2336.0,379.0,167.0,107.0,1168.0,190.0,84.0,54.0,762.0,124.0,55.0,35.0,499.0,396.0,294.0,234.0,250.0,198.0,147.0,117.0,163.0,129.0,96.0,77.0,0.181430626265685,388.32889297197977,0.7170418006430868
"New Haven, CT",610.0,1717.0,118.0,202.0,1177072.0,244084.0,235414.0,49366.0,10701.0,3291.0,540.0,192.0,116.0,1646.0,270.0,96.0,58.0,1073.0,176.0,62.0,38.0,713.0,604.0,353.0,249.0,357.0,303.0,177.0,125.0,233.0,197.0,115.0,81.0,0.207365394810173,416.6626548672567,0.784070796460177
"New Orleans, LA",869.0,1680.0,77.0,195.0,554325.0,92037.0,110865.0,22813.0,4833.0,1521.0,175.0,91.0,61.0,760.0,87.0,45.0,31.0,496.0,57.0,30.0,20.0,322.0,418.0,165.0,103.0,161.0,209.0,83.0,51.0,105.0,136.0,54.0,34.0,0.1660343661209579,222.5311120032116,0.65114411882778
"Newark, NJ",1033.0,2334.0,195.0,299.0,1233539.0,198090.0,246708.0,50638.0,10694.0,3376.0,327.0,145.0,93.0,1688.0,163.0,72.0,46.0,1101.0,107.0,47.0,30.0,713.0,366.0,238.0,177.0,356.0,183.0,119.0,88.0,232.0,119.0,78.0,58.0,0.160586734590475,339.25715071507153,0.715896589658966
"Newport News, VA",251.0,578.0,45.0,95.0,447424.0,89385.0,89485.0,18700.0,4037.0,1247.0,497.0,216.0,138.0,623.0,248.0,108.0,69.0,407.0,162.0,70.0,45.0,269.0,598.0,283.0,186.0,135.0,300.0,142.0,93.0,88.0,196.0,93.0,61.0,0.1997769453583178,494.3911602209945,0.7226519337016575
"Norfolk, VA",782.0,1663.0,82.0,179.0,1023500.0,174191.0,204700.0,42203.0,8962.0,2814.0,360.0,169.0,111.0,1407.0,180.0,85.0,55.0,917.0,117.0,55.0,36.0,597.0,728.0,334.0,216.0,299.0,365.0,167.0,108.0,195.0,238.0,109.0,71.0,0.1701914997557401,402.4773889107353,0.6924891860007865
"Ocala, FL",289.0,596.0,51.0,100.0,449792.0,185054.0,89958.0,20608.0,4918.0,1374.0,475.0,231.0,152.0,687.0,238.0,115.0,76.0,448.0,155.0,75.0,50.0,328.0,643.0,328.0,219.0,164.0,322.0,164.0,109.0,107.0,210.0,107.0,71.0,0.4114212791690381,498.6607538802661,0.6796008869179602
"Odessa, TX",543.0,779.0,38.0,70.0,283753.0,43182.0,56751.0,11603.0,2438.0,774.0,143.0,99.0,76.0,387.0,71.0,50.0,38.0,252.0,46.0,32.0,25.0,163.0,429.0,233.0,161.0,81.0,213.0,116.0,80.0,53.0,139.0,76.0,52.0,0.1521816509428975,279.8353057199211,0.4644970414201184
"Ogden, UT",371.0,561.0,42.0,76.0,356000.0,51907.0,71200.0,14514.0,3039.0,968.0,261.0,173.0,129.0,484.0,130.0,86.0,65.0,316.0,85.0,56.0,42.0,203.0,483.0,267.0,185.0,101.0,240.0,133.0,92.0,66.0,157.0,87.0,60.0,0.1458061797752809,474.6666666666667,0.5053333333333334
"Oklahoma City, OK",2447.0,3994.0,225.0,404.0,1491485.0,279037.0,298297.0,61978.0,13287.0,4132.0,169.0,103.0,75.0,2066.0,84.0,52.0,37.0,1347.0,55.0,34.0,24.0,886.0,394.0,219.0,152.0,443.0,197.0,110.0,76.0,289.0,128.0,72.0,50.0,0.1870866954746444,269.1725320339289,0.5583829633640137
"Olympia, WA",173.0,365.0,25.0,54.0,320156.0,71021.0,64031.0,13515.0,2952.0,901.0,521.0,247.0,161.0,450.0,260.0,123.0,81.0,294.0,170.0,81.0,53.0,197.0,788.0,365.0,235.0,98.0,392.0,181.0,117.0,64.0,256.0,119.0,76.0,0.2218324816651882,573.7562724014336,0.6899641577060932
"Omaha, NE",1742.0,2879.0,184.0,317.0,1010995.0,195073.0,202199.0,42124.0,9060.0,2808.0,161.0,98.0,70.0,1404.0,81.0,49.0,35.0,916.0,53.0,32.0,23.0,604.0,328.0,191.0,135.0,302.0,164.0,95.0,67.0,197.0,107.0,62.0,44.0,0.1929514982764504,251.6791137664924,0.5663430420711975
"Orange County, CA",2236.0,4024.0,293.0,491.0,2662559.0,456181.0,532512.0,109845.0,23341.0,7323.0,328.0,182.0,126.0,3662.0,164.0,91.0,63.0,2388.0,107.0,59.0,41.0,1556.0,531.0,317.0,226.0,778.0,266.0,158.0,113.0,507.0,173.0,103.0,73.0,0.1713317902063391,458.0352657835885,0.615344916566317
"Orlando, FL",3292.0,6648.0,448.0,866.0,3130935.0,714153.0,626187.0,132544.0,29051.0,8836.0,268.0,133.0,88.0,4418.0,134.0,66.0,44.0,2881.0,88.0,43.0,29.0,1937.0,432.0,224.0,151.0,968.0,216.0,112.0,75.0,632.0,141.0,73.0,49.0,0.2280957605315983,312.96831267493,0.6709316273490604
"Ormond Beach, FL",359.0,616.0,63.0,110.0,338880.0,108815.0,67776.0,14945.0,3429.0,996.0,277.0,162.0,114.0,498.0,139.0,81.0,57.0,325.0,91.0,53.0,37.0,229.0,363.0,208.0,145.0,114.0,181.0,104.0,72.0,75.0,119.0,68.0,47.0,0.32110186496695,388.6238532110092,0.588302752293578
"Owensboro, KY",175.0,282.0,14.0,25.0,112038.0,24900.0,22408.0,4731.0,1034.0,315.0,180.0,112.0,81.0,158.0,90.0,56.0,41.0,103.0,59.0,37.0,26.0,69.0,493.0,276.0,192.0,34.0,243.0,136.0,94.0,22.0,157.0,88.0,61.0,0.2222460236705403,287.2769230769231,0.5512820512820513
"Oxford, MS",344.0,589.0,15.0,22.0,116854.0,21977.0,23371.0,4858.0,1042.0,324.0,94.0,55.0,39.0,162.0,47.0,28.0,19.0,106.0,31.0,18.0,13.0,69.0,460.0,314.0,238.0,35.0,233.0,159.0,121.0,23.0,153.0,105.0,79.0,0.1880722953429065,139.94491017964071,0.5880239520958084
"Paducah, KY",779.0,1134.0,57.0,87.0,290227.0,70421.0,58045.0,12367.0,2731.0,824.0,106.0,73.0,55.0,412.0,53.0,36.0,28.0,269.0,35.0,24.0,18.0,182.0,319.0,209.0,156.0,91.0,160.0,105.0,78.0,59.0,104.0,68.0,50.0,0.2426411050660345,194.78322147651008,0.4771812080536912
"Palm Springs/Rancho Mira, CA",404.0,689.0,23.0,46.0,305976.0,94312.0,61195.0,13419.0,3060.0,895.0,222.0,130.0,92.0,447.0,111.0,65.0,46.0,292.0,72.0,42.0,30.0,204.0,887.0,443.0,296.0,102.0,443.0,222.0,148.0,67.0,291.0,146.0,97.0,0.3082333254895809,314.14373716632446,0.5852156057494866
"Paterson, NJ",527.0,845.0,12.0,48.0,310775.0,60087.0,62155.0,12951.0,2786.0,863.0,164.0,102.0,74.0,432.0,82.0,51.0,37.0,282.0,54.0,33.0,24.0,186.0,1550.0,388.0,221.0,93.0,775.0,194.0,111.0,61.0,508.0,127.0,73.0,0.1933456680878449,266.98883161512026,0.5472508591065293
"Pensacola, FL",755.0,1378.0,91.0,160.0,636854.0,130505.0,127371.0,26680.0,5776.0,1779.0,236.0,129.0,89.0,889.0,118.0,65.0,44.0,580.0,77.0,42.0,29.0,385.0,423.0,241.0,167.0,193.0,212.0,121.0,84.0,126.0,138.0,79.0,55.0,0.2049213791544058,318.2678660669665,0.6226886556721639
"Peoria, IL",643.0,1184.0,71.0,114.0,469070.0,106095.0,93814.0,19840.0,4344.0,1323.0,206.0,112.0,77.0,661.0,103.0,56.0,38.0,431.0,67.0,36.0,25.0,290.0,408.0,254.0,186.0,145.0,204.0,127.0,93.0,94.0,132.0,82.0,60.0,0.2261815933655957,271.9246376811594,0.6272463768115942
"Petoskey, MI",178.0,327.0,22.0,45.0,142627.0,37819.0,28525.0,6138.0,1371.0,409.0,230.0,125.0,86.0,205.0,115.0,63.0,43.0,133.0,75.0,41.0,28.0,91.0,414.0,202.0,134.0,46.0,209.0,102.0,68.0,30.0,136.0,67.0,44.0,0.2651601730387654,299.63655462184875,0.6260504201680672
"Philadelphia, PA",3634.0,7165.0,546.0,902.0,3331376.0,632032.0,666275.0,138601.0,29757.0,9240.0,254.0,129.0,86.0,4620.0,127.0,64.0,43.0,3013.0,83.0,42.0,28.0,1984.0,363.0,220.0,158.0,992.0,182.0,110.0,79.0,647.0,118.0,72.0,51.0,0.1897210041736507,311.4308684677947,0.6602785827802187
"Phoenix, AZ",2567.0,4772.0,416.0,687.0,2761090.0,532669.0,552218.0,115042.0,24742.0,7669.0,299.0,161.0,110.0,3835.0,149.0,80.0,55.0,2501.0,97.0,52.0,36.0,1649.0,396.0,240.0,172.0,825.0,198.0,120.0,86.0,538.0,129.0,78.0,56.0,0.1929198251415202,395.7417228034972,0.6320768238497922
"Pittsburgh, PA",2738.0,5436.0,420.0,749.0,2324172.0,541967.0,464834.0,98616.0,21672.0,6574.0,240.0,121.0,81.0,3287.0,120.0,60.0,40.0,2144.0,78.0,39.0,26.0,1445.0,344.0,193.0,134.0,722.0,172.0,96.0,67.0,471.0,112.0,63.0,44.0,0.2331871307287068,285.7705643673921,0.6633468584778064
"Pontiac, MI",321.0,616.0,49.0,72.0,376936.0,70983.0,75387.0,15672.0,3362.0,1045.0,326.0,170.0,115.0,522.0,163.0,85.0,57.0,341.0,106.0,55.0,37.0,224.0,457.0,311.0,236.0,112.0,229.0,156.0,118.0,73.0,149.0,101.0,77.0,0.1883157883566441,413.76070252469816,0.6476399560922064
"Portland, ME",710.0,1617.0,92.0,151.0,876231.0,194509.0,175246.0,36992.0,8082.0,2466.0,347.0,153.0,98.0,1233.0,174.0,76.0,49.0,804.0,113.0,50.0,32.0,539.0,586.0,357.0,258.0,269.0,292.0,178.0,129.0,176.0,191.0,117.0,84.0,0.2219837006451495,347.15966719492866,0.7187004754358162
"Portland, OR",1737.0,3211.0,278.0,469.0,2215589.0,412976.0,443118.0,92039.0,19724.0,6136.0,353.0,191.0,131.0,3068.0,177.0,96.0,65.0,2001.0,115.0,62.0,43.0,1315.0,473.0,280.0,199.0,657.0,236.0,140.0,99.0,429.0,154.0,91.0,65.0,0.1863955814909714,473.0121690862511,0.6291631084543126
"Providence, RI",690.0,1470.0,82.0,188.0,986702.0,192737.0,197340.0,41157.0,8863.0,2744.0,398.0,187.0,122.0,1372.0,199.0,93.0,61.0,895.0,130.0,61.0,40.0,591.0,721.0,314.0,202.0,295.0,360.0,157.0,101.0,193.0,235.0,103.0,66.0,0.1953345589651181,438.7292129835482,0.6931969764339707
"Provo, UT",387.0,664.0,52.0,87.0,436975.0,52585.0,87395.0,17604.0,3630.0,1174.0,303.0,177.0,125.0,587.0,152.0,88.0,62.0,383.0,99.0,58.0,41.0,242.0,465.0,278.0,198.0,121.0,233.0,139.0,99.0,79.0,152.0,91.0,65.0,0.1203386921448595,464.3730074388948,0.5887353878852285
"Pueblo, CO",238.0,426.0,7.0,17.0,138550.0,32449.0,27710.0,5881.0,1293.0,392.0,165.0,92.0,64.0,196.0,82.0,46.0,32.0,128.0,54.0,30.0,21.0,86.0,1229.0,506.0,307.0,43.0,614.0,253.0,154.0,28.0,400.0,165.0,100.0,0.2342042583904727,225.28455284552845,0.6130081300813008
"Raleigh, NC",1124.0,2342.0,160.0,267.0,1670043.0,272076.0,334009.0,68631.0,14513.0,4575.0,407.0,195.0,129.0,2288.0,204.0,98.0,64.0,1492.0,133.0,64.0,42.0,968.0,605.0,363.0,258.0,484.0,303.0,181.0,129.0,316.0,198.0,118.0,84.0,0.162915565647112,469.113202247191,0.6842696629213483
"Rapid City, SD",343.0,610.0,20.0,33.0,173590.0,37388.0,34718.0,7307.0,1591.0,487.0,142.0,80.0,55.0,244.0,71.0,40.0,28.0,159.0,46.0,26.0,18.0,106.0,530.0,321.0,230.0,53.0,265.0,161.0,115.0,35.0,175.0,106.0,76.0,0.2153810703381531,197.71070615034168,0.6093394077448747
"Reading, PA",559.0,944.0,50.0,75.0,466917.0,99775.0,93383.0,19638.0,4272.0,1309.0,234.0,139.0,98.0,655.0,117.0,69.0,49.0,427.0,76.0,45.0,32.0,285.0,570.0,380.0,288.0,142.0,284.0,189.0,143.0,93.0,186.0,124.0,94.0,0.2136889425743761,351.3295711060948,0.5793829947328819
"Redding, CA",284.0,535.0,58.0,83.0,276179.0,64591.0,55236.0,11722.0,2577.0,781.0,275.0,146.0,99.0,391.0,138.0,73.0,50.0,255.0,90.0,48.0,32.0,172.0,297.0,207.0,158.0,86.0,148.0,104.0,79.0,56.0,97.0,67.0,51.0,0.2338736833720159,351.3727735368957,0.638676844783715
"Reno, NV",660.0,1273.0,128.0,267.0,605953.0,127753.0,121191.0,25454.0,5528.0,1697.0,257.0,133.0,90.0,848.0,128.0,67.0,45.0,553.0,84.0,43.0,29.0,369.0,288.0,138.0,91.0,184.0,144.0,69.0,45.0,120.0,94.0,45.0,30.0,0.2108298828456992,321.2900318133616,0.6500530222693531
"Richmond, VA",1488.0,2983.0,144.0,305.0,1409076.0,264187.0,281815.0,58564.0,12558.0,3904.0,262.0,131.0,87.0,1952.0,131.0,65.0,44.0,1273.0,86.0,43.0,28.0,837.0,581.0,274.0,180.0,419.0,291.0,137.0,90.0,273.0,190.0,90.0,59.0,0.1874895321473078,314.66636891469403,0.6677087985707906
"Ridgewood, NJ",275.0,544.0,35.0,59.0,338732.0,65551.0,67746.0,14117.0,3037.0,941.0,342.0,173.0,116.0,471.0,171.0,87.0,58.0,307.0,112.0,56.0,38.0,202.0,577.0,342.0,243.0,101.0,289.0,171.0,122.0,66.0,189.0,112.0,80.0,0.1935187700010628,416.1326781326781,0.6621621621621622
"Roanoke, VA",593.0,1391.0,113.0,192.0,569741.0,127897.0,113948.0,24080.0,5268.0,1605.0,271.0,115.0,73.0,803.0,135.0,58.0,37.0,523.0,88.0,38.0,24.0,351.0,311.0,183.0,129.0,176.0,156.0,92.0,65.0,115.0,102.0,60.0,42.0,0.224482703544242,260.2745545911376,0.7291000456829603
"Rochester, MN",594.0,1215.0,90.0,165.0,320367.0,71522.0,64073.0,13533.0,2959.0,902.0,152.0,74.0,49.0,451.0,76.0,37.0,25.0,294.0,49.0,24.0,16.0,197.0,219.0,119.0,82.0,99.0,110.0,60.0,41.0,64.0,71.0,39.0,27.0,0.2232502099155031,174.58692098092644,0.6762942779291553
"Rochester, NY",827.0,2297.0,87.0,188.0,1036499.0,211611.0,207300.0,43408.0,9393.0,2894.0,350.0,126.0,77.0,1447.0,175.0,63.0,38.0,944.0,114.0,41.0,25.0,626.0,720.0,333.0,217.0,313.0,360.0,166.0,108.0,204.0,234.0,109.0,71.0,0.2041593865503005,275.2254381306426,0.7804036112586299
"Rockford, IL",613.0,966.0,96.0,147.0,552131.0,118035.0,110426.0,23224.0,5052.0,1548.0,253.0,160.0,117.0,774.0,126.0,80.0,59.0,505.0,82.0,52.0,38.0,337.0,351.0,229.0,169.0,168.0,175.0,114.0,84.0,110.0,115.0,75.0,55.0,0.2137807875304954,418.2810606060606,0.5356060606060606
"Rome, GA",229.0,481.0,16.0,45.0,221920.0,45706.0,44384.0,9301.0,2015.0,620.0,271.0,129.0,85.0,310.0,135.0,64.0,42.0,202.0,88.0,42.0,28.0,134.0,838.0,298.0,181.0,67.0,419.0,149.0,91.0,44.0,275.0,98.0,59.0,0.2059571016582552,302.7557980900409,0.6875852660300137
"Royal Oak, MI",858.0,1819.0,97.0,211.0,556198.0,117512.0,111240.0,23368.0,5076.0,1558.0,182.0,86.0,56.0,779.0,91.0,43.0,28.0,508.0,59.0,28.0,18.0,338.0,348.0,160.0,104.0,169.0,174.0,80.0,52.0,110.0,113.0,52.0,34.0,0.2112772789546168,199.99928083423228,0.6914778856526429
"Sacramento, CA",1315.0,2848.0,224.0,420.0,2076640.0,403030.0,415328.0,86570.0,18631.0,5771.0,439.0,203.0,132.0,2886.0,219.0,101.0,66.0,1882.0,143.0,66.0,43.0,1242.0,554.0,296.0,202.0,621.0,277.0,148.0,101.0,405.0,181.0,96.0,66.0,0.1940779335850219,474.0104998858708,0.6998402191280529
"Saginaw, MI",962.0,1679.0,63.0,136.0,489824.0,124235.0,97965.0,20974.0,4658.0,1398.0,145.0,83.0,58.0,699.0,73.0,42.0,29.0,456.0,47.0,27.0,19.0,311.0,494.0,229.0,150.0,155.0,246.0,114.0,75.0,101.0,160.0,74.0,49.0,0.2536319167701051,204.4340567612688,0.5984974958263773
"Salem, OR",154.0,321.0,10.0,37.0,255161.0,50897.0,51032.0,10663.0,2302.0,711.0,462.0,221.0,146.0,355.0,231.0,111.0,73.0,232.0,151.0,72.0,48.0,153.0,1530.0,414.0,239.0,77.0,770.0,208.0,120.0,50.0,500.0,135.0,78.0,0.1994701384615987,523.9445585215606,0.6837782340862423
"Salinas, CA",290.0,515.0,37.0,54.0,303247.0,51843.0,60649.0,12508.0,2657.0,834.0,288.0,162.0,113.0,417.0,144.0,81.0,56.0,272.0,94.0,53.0,37.0,177.0,478.0,328.0,253.0,89.0,241.0,165.0,127.0,58.0,157.0,107.0,83.0,0.1709596467566043,409.7932432432432,0.6081081081081081
"Salisbury, MD",187.0,392.0,26.0,43.0,371513.0,100254.0,74303.0,16022.0,3587.0,1068.0,571.0,272.0,179.0,534.0,286.0,136.0,89.0,348.0,186.0,89.0,58.0,239.0,919.0,556.0,405.0,120.0,462.0,279.0,203.0,78.0,300.0,181.0,132.0,0.2698532756592636,621.2591973244147,0.6872909698996655
"Salt Lake City, UT",1804.0,2902.0,277.0,402.0,1552687.0,249737.0,310537.0,63747.0,13464.0,4250.0,236.0,146.0,106.0,2125.0,118.0,73.0,53.0,1386.0,77.0,48.0,35.0,898.0,324.0,223.0,171.0,449.0,162.0,112.0,85.0,293.0,106.0,73.0,56.0,0.1608418180869679,388.26881720430106,0.5488872218054514
"San Angelo, TX",323.0,454.0,17.0,26.0,126084.0,26085.0,25217.0,5287.0,1146.0,352.0,109.0,78.0,60.0,176.0,54.0,39.0,30.0,115.0,36.0,25.0,20.0,76.0,447.0,292.0,217.0,38.0,224.0,146.0,109.0,25.0,147.0,96.0,71.0,0.2068858856000761,215.8972602739726,0.446917808219178
"San Antonio, TX",2477.0,4356.0,216.0,482.0,2191766.0,376149.0,438353.0,90434.0,19219.0,6029.0,243.0,138.0,97.0,3014.0,122.0,69.0,48.0,1966.0,79.0,45.0,32.0,1281.0,593.0,266.0,171.0,641.0,297.0,133.0,86.0,418.0,194.0,87.0,56.0,0.1716191418244466,351.58261148540265,0.6026628168110362
"San Bernardino, CA",2125.0,3908.0,231.0,460.0,2406889.0,366977.0,481378.0,98434.0,20690.0,6562.0,309.0,168.0,115.0,3281.0,154.0,84.0,58.0,2140.0,101.0,55.0,38.0,1379.0,597.0,300.0,200.0,690.0,299.0,150.0,100.0,450.0,195.0,98.0,65.0,0.1524694325330333,422.9290107186786,0.6266034088912318
"San Diego, CA",1949.0,4064.0,358.0,580.0,3005567.0,497077.0,601113.0,123656.0,26186.0,8244.0,423.0,203.0,133.0,4122.0,211.0,101.0,67.0,2688.0,138.0,66.0,44.0,1746.0,488.0,301.0,218.0,873.0,244.0,151.0,109.0,569.0,159.0,98.0,71.0,0.1653854330979811,486.4951440595662,0.6845257364842992
"San Francisco, CA",1139.0,2458.0,203.0,321.0,1272753.0,236390.0,254551.0,52856.0,11323.0,3524.0,309.0,143.0,93.0,1762.0,155.0,72.0,47.0,1149.0,101.0,47.0,30.0,755.0,372.0,235.0,172.0,377.0,186.0,117.0,86.0,246.0,121.0,77.0,56.0,0.1857312455755358,337.0638241525424,0.6983580508474576
"San Jose, CA",916.0,1731.0,146.0,244.0,1456607.0,234573.0,291321.0,59808.0,12634.0,3987.0,435.0,230.0,157.0,1994.0,218.0,115.0,78.0,1300.0,142.0,75.0,51.0,842.0,577.0,345.0,247.0,421.0,288.0,173.0,123.0,275.0,188.0,113.0,81.0,0.1610406925134919,571.891244601492,0.6403612092658029
"San Luis Obispo, CA",202.0,296.0,33.0,44.0,213703.0,46965.0,42741.0,9013.0,1967.0,601.0,298.0,203.0,154.0,300.0,149.0,101.0,77.0,196.0,97.0,66.0,50.0,131.0,397.0,298.0,243.0,66.0,200.0,150.0,122.0,43.0,130.0,98.0,80.0,0.2197676214185107,547.9564102564102,0.482051282051282
"San Mateo County, CA",452.0,1003.0,88.0,143.0,666874.0,128195.0,133375.0,27777.0,5972.0,1852.0,410.0,185.0,119.0,926.0,205.0,92.0,60.0,604.0,134.0,60.0,39.0,398.0,452.0,278.0,201.0,199.0,226.0,139.0,101.0,130.0,148.0,91.0,66.0,0.1922327156254404,428.8578778135048,0.7093247588424437
"Santa Barbara, CA",246.0,552.0,35.0,59.0,359828.0,67153.0,71966.0,14949.0,3204.0,997.0,405.0,181.0,116.0,498.0,202.0,90.0,58.0,325.0,132.0,59.0,38.0,214.0,611.0,363.0,261.0,107.0,306.0,181.0,130.0,70.0,200.0,119.0,85.0,0.1866252765210044,419.3799533799534,0.7132867132867133
"Santa Cruz, CA",169.0,264.0,6.0,14.0,229413.0,39590.0,45883.0,9470.0,2014.0,631.0,373.0,239.0,176.0,316.0,187.0,120.0,88.0,206.0,122.0,78.0,57.0,134.0,2233.0,957.0,609.0,67.0,1117.0,479.0,305.0,44.0,733.0,314.0,200.0,0.1725708656440568,639.033426183844,0.5292479108635098
"Santa Rosa, CA",306.0,789.0,45.0,69.0,402885.0,88435.0,80577.0,16990.0,3707.0,1133.0,370.0,144.0,89.0,566.0,185.0,72.0,44.0,369.0,121.0,47.0,29.0,247.0,549.0,358.0,266.0,124.0,276.0,180.0,133.0,81.0,180.0,117.0,87.0,0.2195043250555369,316.73349056603774,0.7594339622641509
"Sarasota, FL",604.0,957.0,77.0,118.0,374960.0,156791.0,74992.0,17228.0,4122.0,1149.0,190.0,120.0,88.0,574.0,95.0,60.0,44.0,375.0,62.0,39.0,29.0,275.0,357.0,233.0,173.0,137.0,178.0,116.0,86.0,90.0,117.0,76.0,57.0,0.4181539364198848,286.4476699770817,0.5385790679908327
"Savannah, GA",650.0,1350.0,55.0,109.0,701923.0,139656.0,140385.0,29327.0,6328.0,1955.0,301.0,145.0,95.0,978.0,150.0,72.0,48.0,638.0,98.0,47.0,31.0,422.0,767.0,387.0,259.0,211.0,384.0,194.0,129.0,138.0,251.0,127.0,85.0,0.1989619944067939,342.4014634146341,0.6829268292682926
"Sayre, PA",215.0,403.0,28.0,45.0,153089.0,36987.0,30618.0,6520.0,1439.0,435.0,202.0,108.0,74.0,217.0,101.0,54.0,37.0,142.0,66.0,35.0,24.0,96.0,343.0,213.0,155.0,48.0,171.0,107.0,77.0,31.0,111.0,69.0,50.0,0.2416045568264212,259.03384094754654,0.6362098138747885
"Scranton, PA",324.0,553.0,31.0,48.0,253817.0,63450.0,50763.0,10851.0,2405.0,723.0,223.0,131.0,92.0,362.0,112.0,65.0,46.0,236.0,73.0,43.0,30.0,160.0,516.0,333.0,246.0,80.0,258.0,167.0,123.0,52.0,168.0,108.0,80.0,0.2499832556526946,324.574168797954,0.5856777493606138
"Seattle, WA",1366.0,3033.0,209.0,430.0,2421217.0,421176.0,484243.0,100009.0,21282.0,6667.0,488.0,220.0,142.0,3334.0,244.0,110.0,71.0,2174.0,159.0,72.0,46.0,1419.0,679.0,330.0,218.0,709.0,339.0,165.0,109.0,463.0,222.0,108.0,71.0,0.1739521901589159,515.1525531914893,0.7093617021276596
"Shreveport, LA",1080.0,1774.0,111.0,197.0,531003.0,109269.0,106201.0,22254.0,4820.0,1484.0,137.0,84.0,60.0,742.0,69.0,42.0,30.0,484.0,45.0,27.0,20.0,321.0,289.0,163.0,113.0,161.0,145.0,82.0,57.0,105.0,95.0,53.0,37.0,0.2057784984265625,215.15518638573744,0.5623987034035656
"Sioux City, IA",362.0,635.0,23.0,41.0,195685.0,41561.0,39137.0,8226.0,1788.0,548.0,151.0,86.0,60.0,274.0,76.0,43.0,30.0,179.0,49.0,28.0,20.0,119.0,517.0,290.0,202.0,60.0,261.0,146.0,102.0,39.0,170.0,95.0,66.0,0.2123872550272121,215.27502750275028,0.6017601760176017
"Sioux Falls, SD",1653.0,2859.0,52.0,77.0,603563.0,129561.0,120713.0,25397.0,5527.0,1693.0,102.0,59.0,42.0,847.0,51.0,30.0,21.0,552.0,33.0,19.0,14.0,368.0,708.0,478.0,357.0,184.0,354.0,239.0,179.0,120.0,231.0,156.0,117.0,0.2146602757292942,148.4779827798278,0.5933579335793358
"Slidell, LA",338.0,437.0,70.0,103.0,149492.0,32656.0,29898.0,6301.0,1374.0,420.0,124.0,96.0,78.0,210.0,62.0,48.0,39.0,137.0,41.0,31.0,26.0,92.0,131.0,89.0,67.0,46.0,66.0,45.0,34.0,30.0,43.0,29.0,22.0,0.2184464720520161,278.9029850746269,0.3694029850746269
"South Bend, IN",551.0,912.0,70.0,109.0,539539.0,108077.0,107908.0,22556.0,4871.0,1504.0,273.0,165.0,118.0,752.0,136.0,82.0,59.0,490.0,89.0,54.0,38.0,325.0,464.0,298.0,220.0,162.0,231.0,149.0,109.0,106.0,151.0,97.0,72.0,0.200313601055716,423.8326787117047,0.5671641791044777
"Spartanburg, SC",280.0,545.0,65.0,95.0,300991.0,64361.0,60198.0,12660.0,2754.0,844.0,301.0,155.0,104.0,422.0,151.0,77.0,52.0,275.0,98.0,50.0,34.0,184.0,283.0,194.0,147.0,92.0,142.0,97.0,74.0,60.0,92.0,63.0,48.0,0.2138303138632052,372.053152039555,0.65389369592089
"Spokane, WA",1657.0,2655.0,134.0,245.0,1210559.0,251604.0,242112.0,50782.0,11011.0,3385.0,204.0,127.0,93.0,1693.0,102.0,64.0,46.0,1104.0,67.0,42.0,30.0,734.0,548.0,300.0,207.0,367.0,274.0,150.0,103.0,239.0,178.0,98.0,67.0,0.2078411708970814,331.47836801752464,0.546276013143483
"Springdale, AR",616.0,880.0,73.0,104.0,437572.0,77638.0,87514.0,18103.0,3860.0,1207.0,196.0,137.0,106.0,603.0,98.0,69.0,53.0,394.0,64.0,45.0,34.0,257.0,352.0,247.0,190.0,129.0,177.0,124.0,96.0,84.0,115.0,81.0,62.0,0.1774290859561398,382.493006993007,0.4615384615384615
"Springfield, IL",1172.0,1799.0,79.0,146.0,637463.0,146057.0,127493.0,26999.0,5921.0,1800.0,154.0,100.0,74.0,900.0,77.0,50.0,37.0,587.0,50.0,33.0,24.0,395.0,500.0,271.0,185.0,197.0,249.0,135.0,92.0,129.0,163.0,88.0,61.0,0.2291223176874579,262.76298433635617,0.5169002473206925
"Springfield, MA",500.0,1044.0,73.0,134.0,600306.0,123079.0,120061.0,25150.0,5445.0,1677.0,335.0,161.0,106.0,838.0,168.0,80.0,53.0,547.0,109.0,52.0,34.0,363.0,497.0,271.0,186.0,182.0,249.0,136.0,93.0,118.0,162.0,88.0,61.0,0.2050271028442161,378.0264483627204,0.6851385390428212
"Springfield, MO",819.0,1449.0,67.0,147.0,688462.0,166812.0,137692.0,29331.0,6476.0,1955.0,239.0,135.0,94.0,978.0,119.0,67.0,47.0,638.0,78.0,44.0,31.0,432.0,645.0,294.0,191.0,216.0,322.0,147.0,96.0,141.0,210.0,96.0,62.0,0.2422965973430632,331.3099133782483,0.6058710298363812
"St. Cloud, MN",227.0,563.0,16.0,31.0,203089.0,38678.0,40618.0,8452.0,1815.0,563.0,248.0,100.0,63.0,282.0,124.0,50.0,31.0,184.0,81.0,33.0,20.0,121.0,756.0,390.0,269.0,60.0,375.0,194.0,133.0,39.0,244.0,126.0,87.0,0.1904485225689229,226.15701559020044,0.7472160356347439
"St. Joseph, MI",238.0,316.0,9.0,14.0,110235.0,26066.0,22047.0,4684.0,1031.0,312.0,131.0,99.0,79.0,156.0,66.0,49.0,40.0,102.0,43.0,32.0,26.0,69.0,767.0,493.0,345.0,34.0,378.0,243.0,170.0,22.0,244.0,157.0,110.0,0.236458475075974,280.4961832061069,0.3944020356234097
"St. Louis, MO",4326.0,7257.0,547.0,864.0,2666497.0,532142.0,533299.0,111438.0,24055.0,7429.0,172.0,102.0,73.0,3715.0,86.0,51.0,36.0,2423.0,56.0,33.0,24.0,1604.0,293.0,186.0,136.0,802.0,147.0,93.0,68.0,523.0,96.0,61.0,44.0,0.1995659473834022,261.7548836752724,0.5753411210366153
"St. Paul, MN",582.0,1093.0,48.0,116.0,856536.0,148362.0,171307.0,35367.0,7523.0,2358.0,405.0,216.0,147.0,1179.0,203.0,108.0,74.0,769.0,132.0,70.0,48.0,502.0,1046.0,433.0,274.0,251.0,523.0,216.0,137.0,164.0,342.0,141.0,90.0,0.1732116338367564,534.0,0.6371571072319202
"St. Petersburg, FL",613.0,1018.0,33.0,86.0,354891.0,90670.0,70978.0,15209.0,3381.0,1014.0,165.0,100.0,71.0,507.0,83.0,50.0,36.0,331.0,54.0,33.0,23.0,225.0,682.0,262.0,162.0,113.0,342.0,131.0,81.0,74.0,224.0,86.0,53.0,0.2554868959765111,249.2212078651685,0.5695224719101124
"Stockton, CA",329.0,623.0,41.0,81.0,464979.0,77159.0,92996.0,19135.0,4054.0,1276.0,388.0,205.0,139.0,638.0,194.0,102.0,69.0,416.0,126.0,67.0,45.0,270.0,659.0,333.0,223.0,135.0,329.0,167.0,112.0,88.0,215.0,109.0,73.0,0.1659408274352175,506.5130718954248,0.6416122004357299
"Sun City, AZ",364.0,604.0,81.0,100.0,237503.0,104547.0,47501.0,11012.0,2658.0,734.0,202.0,122.0,87.0,367.0,101.0,61.0,43.0,239.0,66.0,40.0,28.0,177.0,219.0,177.0,149.0,89.0,110.0,89.0,75.0,58.0,72.0,58.0,49.0,0.4401923344126179,281.06863905325446,0.5692307692307692
"Syracuse, NY",950.0,2006.0,77.0,160.0,832908.0,165881.0,166582.0,34802.0,7511.0,2320.0,244.0,116.0,76.0,1160.0,122.0,58.0,38.0,757.0,80.0,38.0,25.0,501.0,651.0,313.0,206.0,250.0,325.0,156.0,103.0,163.0,212.0,102.0,67.0,0.1991588506773857,272.0143696930111,0.6897452645329849
"Tacoma, WA",366.0,877.0,62.0,129.0,642251.0,109410.0,128450.0,26484.0,5624.0,1766.0,483.0,201.0,127.0,883.0,241.0,101.0,64.0,576.0,157.0,66.0,41.0,375.0,605.0,291.0,190.0,187.0,302.0,145.0,95.0,122.0,197.0,95.0,62.0,0.1703539581876867,462.71685878962535,0.7363112391930835
"Takoma Park, MD",294.0,738.0,48.0,99.0,789639.0,122832.0,157928.0,32340.0,6810.0,2156.0,733.0,292.0,183.0,1078.0,367.0,146.0,91.0,703.0,239.0,95.0,60.0,454.0,946.0,459.0,303.0,227.0,473.0,229.0,151.0,148.0,308.0,149.0,99.0,0.1555546268611352,668.618966977138,0.7510584250635055
"Tallahassee, FL",603.0,1423.0,50.0,122.0,668985.0,118753.0,133797.0,27678.0,5902.0,1845.0,306.0,130.0,82.0,923.0,153.0,65.0,41.0,602.0,100.0,42.0,27.0,393.0,786.0,322.0,204.0,197.0,394.0,161.0,102.0,128.0,256.0,105.0,66.0,0.17751220131991,298.38760035682424,0.7310437109723461
"Tampa, FL",1289.0,2647.0,165.0,340.0,1170264.0,218181.0,234053.0,48616.0,10418.0,3241.0,251.0,122.0,81.0,1621.0,126.0,61.0,40.0,1057.0,82.0,40.0,26.0,695.0,421.0,204.0,135.0,347.0,210.0,102.0,67.0,226.0,137.0,66.0,44.0,0.1864374192489899,292.2007490636704,0.6781523096129838
"Temple, TX",390.0,688.0,50.0,106.0,409683.0,59971.0,81937.0,16707.0,3499.0,1114.0,286.0,162.0,113.0,557.0,143.0,81.0,57.0,363.0,93.0,53.0,37.0,233.0,466.0,220.0,144.0,117.0,234.0,110.0,72.0,76.0,152.0,72.0,47.0,0.1463839114632533,415.9218274111675,0.6040609137055837
"Terre Haute, IN",207.0,337.0,37.0,50.0,140148.0,28559.0,28030.0,5868.0,1270.0,391.0,189.0,116.0,84.0,196.0,95.0,58.0,42.0,128.0,62.0,38.0,27.0,85.0,230.0,170.0,133.0,42.0,114.0,84.0,66.0,28.0,76.0,56.0,44.0,0.2037774352827011,299.46153846153845,0.5576923076923077
"Texarkana, AR",383.0,519.0,62.0,76.0,198305.0,43677.0,39661.0,8365.0,1826.0,558.0,146.0,108.0,85.0,279.0,73.0,54.0,43.0,182.0,48.0,35.0,28.0,122.0,197.0,161.0,136.0,61.0,98.0,80.0,68.0,40.0,65.0,53.0,44.0,0.2202516325861677,302.2942073170732,0.4161585365853658
"Toledo, OH",1122.0,1900.0,179.0,317.0,767671.0,155817.0,153534.0,32132.0,6949.0,2142.0,191.0,113.0,80.0,1071.0,95.0,56.0,40.0,699.0,62.0,37.0,26.0,463.0,259.0,146.0,102.0,232.0,130.0,73.0,51.0,151.0,84.0,48.0,33.0,0.2029736697100711,286.55132512131394,0.5811870100783875
"Topeka, KS",594.0,949.0,49.0,80.0,352693.0,68579.0,70539.0,14705.0,3165.0,980.0,165.0,103.0,75.0,490.0,82.0,52.0,38.0,320.0,54.0,34.0,25.0,211.0,431.0,264.0,188.0,106.0,216.0,133.0,95.0,69.0,141.0,86.0,62.0,0.1944438931308531,270.4700920245399,0.544478527607362
"Traverse City, MI",293.0,525.0,7.0,17.0,189619.0,52436.0,37924.0,8202.0,1842.0,547.0,187.0,104.0,72.0,273.0,93.0,52.0,36.0,178.0,61.0,34.0,24.0,123.0,1757.0,724.0,473.0,61.0,871.0,359.0,235.0,40.0,571.0,235.0,154.0,0.27653346974723,250.81878306878303,0.6124338624338624
"Tucson, AZ",1184.0,1930.0,161.0,248.0,971119.0,232066.0,194224.0,41312.0,9106.0,2754.0,233.0,143.0,103.0,1377.0,116.0,71.0,51.0,898.0,76.0,47.0,34.0,607.0,377.0,245.0,181.0,304.0,189.0,123.0,91.0,198.0,123.0,80.0,59.0,0.2389676239472196,362.7639148300336,0.5577138587971611
"Tulsa, OK",1783.0,2984.0,159.0,323.0,1070712.0,213442.0,214142.0,44742.0,9657.0,2983.0,167.0,100.0,71.0,1491.0,84.0,50.0,36.0,973.0,55.0,33.0,23.0,644.0,405.0,199.0,133.0,322.0,203.0,100.0,66.0,210.0,132.0,65.0,43.0,0.1993458558417202,255.84516129032255,0.5739545997610513
"Tupelo, MS",818.0,1226.0,61.0,83.0,308796.0,61185.0,61759.0,12897.0,2782.0,860.0,105.0,70.0,53.0,430.0,53.0,35.0,26.0,280.0,34.0,23.0,17.0,185.0,303.0,223.0,178.0,93.0,152.0,112.0,89.0,60.0,98.0,72.0,58.0,0.1981405199549216,188.9816401468788,0.4993880048959608
"Tuscaloosa, AL",297.0,681.0,37.0,90.0,215194.0,37920.0,43039.0,8898.0,1896.0,593.0,200.0,87.0,56.0,297.0,100.0,44.0,28.0,193.0,65.0,28.0,18.0,126.0,341.0,140.0,88.0,63.0,170.0,70.0,44.0,41.0,111.0,46.0,29.0,0.1762130914430699,201.87054409005628,0.7213883677298312
"Tyler, TX",527.0,932.0,127.0,176.0,437181.0,98736.0,87436.0,18489.0,4048.0,1233.0,234.0,132.0,92.0,616.0,117.0,66.0,46.0,402.0,76.0,43.0,30.0,270.0,213.0,153.0,121.0,135.0,106.0,77.0,60.0,88.0,69.0,50.0,39.0,0.2258469604122777,326.7421524663677,0.6061285500747384
"Urbana, IL",480.0,764.0,54.0,77.0,361763.0,69031.0,72353.0,15059.0,3235.0,1004.0,209.0,131.0,96.0,502.0,105.0,66.0,48.0,327.0,68.0,43.0,31.0,216.0,400.0,281.0,218.0,108.0,200.0,140.0,109.0,70.0,130.0,91.0,71.0,0.1908182981675848,345.52340019102195,0.5415472779369628
"Ventura, CA",278.0,682.0,94.0,128.0,669683.0,124579.0,133937.0,27815.0,5959.0,1854.0,667.0,272.0,171.0,927.0,333.0,136.0,85.0,605.0,218.0,89.0,56.0,397.0,422.0,310.0,244.0,199.0,212.0,155.0,122.0,130.0,138.0,102.0,80.0,0.1860268216454651,616.0837166513339,0.7442502299908004
"Victoria, TX",352.0,463.0,18.0,32.0,115052.0,25536.0,23010.0,4857.0,1061.0,324.0,92.0,70.0,56.0,162.0,46.0,35.0,28.0,106.0,30.0,23.0,18.0,71.0,394.0,222.0,154.0,35.0,194.0,109.0,76.0,23.0,128.0,72.0,50.0,0.22195181309321,200.4390243902439,0.3867595818815331
"Waco, TX",261.0,490.0,24.0,42.0,264389.0,54218.0,52878.0,11077.0,2398.0,738.0,283.0,151.0,103.0,369.0,141.0,75.0,51.0,241.0,92.0,49.0,33.0,160.0,667.0,381.0,267.0,80.0,333.0,190.0,133.0,52.0,217.0,124.0,87.0,0.205069045989054,367.2069444444445,0.6375
"Washington, DC",1595.0,3325.0,218.0,409.0,2179021.0,378878.0,435804.0,90001.0,19152.0,6000.0,376.0,180.0,119.0,3000.0,188.0,90.0,59.0,1957.0,123.0,59.0,39.0,1277.0,586.0,312.0,212.0,638.0,293.0,156.0,106.0,416.0,191.0,102.0,69.0,0.1738753320872079,431.06251236399606,0.6844708209693373
"Waterloo, IA",340.0,504.0,19.0,28.0,167837.0,36303.0,33567.0,7067.0,1539.0,471.0,139.0,93.0,71.0,236.0,69.0,47.0,35.0,154.0,45.0,31.0,23.0,103.0,542.0,368.0,286.0,51.0,268.0,182.0,142.0,33.0,174.0,118.0,92.0,0.2162991473870481,251.25299401197609,0.4910179640718562
"Wausau, WI",152.0,278.0,45.0,59.0,150679.0,36287.0,30136.0,6415.0,1415.0,428.0,282.0,154.0,106.0,214.0,141.0,77.0,53.0,139.0,91.0,50.0,34.0,94.0,209.0,159.0,131.0,47.0,104.0,80.0,65.0,31.0,69.0,53.0,43.0,0.2408232069498735,373.893300248139,0.6228287841191067
"White Plains, NY",597.0,1785.0,137.0,190.0,896882.0,178478.0,179376.0,37473.0,8086.0,2498.0,418.0,140.0,84.0,1249.0,209.0,70.0,42.0,815.0,137.0,46.0,27.0,539.0,393.0,284.0,222.0,270.0,197.0,142.0,111.0,176.0,128.0,93.0,72.0,0.198998307469656,301.67574840228724,0.7991927346115035
"Wichita Falls, TX",298.0,407.0,8.0,16.0,154615.0,31786.0,30923.0,6479.0,1403.0,432.0,145.0,106.0,84.0,216.0,72.0,53.0,42.0,141.0,47.0,35.0,27.0,94.0,1175.0,588.0,392.0,47.0,588.0,294.0,196.0,30.0,375.0,188.0,125.0,0.2055816059243928,299.6414728682171,0.4224806201550387
"Wichita, KS",2225.0,3407.0,202.0,322.0,951715.0,198669.0,190343.0,39940.0,8664.0,2663.0,120.0,78.0,58.0,1331.0,60.0,39.0,29.0,868.0,39.0,25.0,19.0,578.0,286.0,180.0,131.0,289.0,143.0,90.0,65.0,188.0,93.0,58.0,43.0,0.2087484173308186,207.34531590413943,0.5152505446623094
"Wilkes-Barre, PA",263.0,457.0,24.0,63.0,198135.0,47118.0,39627.0,8424.0,1856.0,562.0,214.0,123.0,86.0,281.0,107.0,61.0,43.0,183.0,70.0,40.0,28.0,124.0,517.0,197.0,122.0,62.0,258.0,98.0,61.0,40.0,167.0,63.0,39.0,0.2378075554546142,304.35483870967744,0.5960061443932412
"Wilmington, DE",601.0,1223.0,62.0,149.0,637120.0,120121.0,127424.0,26493.0,5684.0,1766.0,294.0,144.0,96.0,883.0,147.0,72.0,48.0,576.0,96.0,47.0,31.0,379.0,611.0,254.0,160.0,189.0,305.0,127.0,80.0,124.0,200.0,83.0,52.0,0.1885374811652436,345.32249322493226,0.6742547425474255
"Wilmington, NC",251.0,628.0,17.0,54.0,385088.0,91585.0,77018.0,16374.0,3607.0,1092.0,435.0,174.0,109.0,546.0,218.0,87.0,54.0,356.0,142.0,57.0,35.0,240.0,1412.0,444.0,267.0,120.0,706.0,222.0,133.0,78.0,459.0,144.0,87.0,0.2378287560245969,383.1721393034826,0.7502487562189055
"Winchester, VA",357.0,704.0,22.0,53.0,350240.0,74330.0,70048.0,14721.0,3200.0,981.0,275.0,139.0,93.0,491.0,138.0,70.0,47.0,320.0,90.0,45.0,30.0,213.0,968.0,402.0,254.0,107.0,486.0,202.0,127.0,70.0,318.0,132.0,83.0,0.212225902238465,333.244529019981,0.6603235014272122
"Winston-Salem, NC",843.0,1857.0,40.0,269.0,899862.0,197294.0,179972.0,37943.0,8278.0,2530.0,300.0,136.0,88.0,1265.0,150.0,68.0,44.0,825.0,98.0,44.0,29.0,552.0,1380.0,205.0,111.0,276.0,690.0,103.0,55.0,180.0,450.0,67.0,36.0,0.2192491737621991,313.5407665505227,0.7062717770034843
"Worcester, MA",425.0,975.0,43.0,106.0,652386.0,122123.0,130477.0,27111.0,5812.0,1807.0,425.0,185.0,118.0,904.0,213.0,93.0,59.0,589.0,139.0,60.0,39.0,387.0,900.0,365.0,229.0,194.0,451.0,183.0,115.0,126.0,293.0,119.0,75.0,0.187194391050697,427.7940983606557,0.7213114754098361
"Yakima, WA",200.0,285.0,33.0,45.0,220972.0,40707.0,44194.0,9170.0,1963.0,611.0,306.0,214.0,166.0,306.0,153.0,107.0,83.0,199.0,100.0,70.0,54.0,131.0,397.0,291.0,226.0,65.0,197.0,144.0,112.0,43.0,130.0,96.0,74.0,0.184217909961443,598.840108401084,0.4579945799457995
"York, PA",267.0,567.0,8.0,43.0,343334.0,73773.0,68667.0,14448.0,3145.0,963.0,361.0,170.0,111.0,482.0,181.0,85.0,56.0,314.0,118.0,55.0,36.0,210.0,2625.0,488.0,266.0,105.0,1313.0,244.0,133.0,68.0,850.0,158.0,86.0,0.2148723983060227,395.5460829493088,0.6923963133640554
"Youngstown, OH",543.0,1049.0,66.0,112.0,493628.0,124167.0,98726.0,21117.0,4685.0,1408.0,259.0,134.0,91.0,704.0,130.0,67.0,45.0,459.0,85.0,44.0,30.0,312.0,473.0,279.0,197.0,156.0,236.0,139.0,99.0,102.0,155.0,91.0,65.0,0.2515396209291207,317.4456591639872,0.6508038585209004
